name,ssn,dob,phone,email,address,mrn,diagnosis,insurance_id,source
عالية جزار,77bbf1c4a4575ad5c62e5e6f7fbc48136dabbc917baa3b1309e905958c8bd914,266bf9f56016fbc343d2a9913d6c9baaead91ef300a2d0a82fea0fcd542ba208,1cb3e66227e95fdbc9865edb38a9bd137f9849587fc071e0033ff8fc61d36e14,michaelroberts@example.com,"216 लोबो, चक्रधरपुर-239868",MRN-883826,Chronic Low Back Pain,INS-686405096,faker
Univ.Prof. Isabella Junken,5c850a282efea8f210f8b4eb6f63bf80f66109dbc6cd4acdbb3732b9042ef683,1e9291caf6530a415bf190db5b0425f828b6052201d82f2703051d25334b88c4,4d7724b041c3565139d70892cd5e171c6c4caa65880a749cba63f64f729afe58,annbennett@example.com,"581 سنان Roads Suite 268, عنز بن وائلview, TX 16261",MRN-299212,Osteoarthritis,INS-848609261,faker
Dr. Henner Briemer B.Sc.,3b9cb945f1b23d63ec2567a2252837325b4be7b0ea281ca217ec2c3ee32098f7,31228685e77a48bfe5c31a6a444607416191fb4d1714a69416d0f8afe91d9b89,77a5f5232bbbd00fd9a37c47ae9893f9584084d93ffd410726f9e6721c9a331b,guiying15@example.org,"Mijo-Scheibe-Weg 30-76, 01533 Uffenheim",MRN-718849,Major Depressive Disorder,INS-207765664,faker
Meredith Martin,f6a4ca716793858da6a441a858b548d487c3ea8225fa9fb0b86e8287bc8564e2,196d0eb202388611bd77e918a7209308f18b6fe1174b9874f2830eaed9e5559b,1b9646b3764a14a0700779b7ecb24926bc63b84a541bf1af298e2b6c4bf13e10,kumaar52@example.net,上海市琳县梁平吕街D座 307925,MRN-402218,Fibromyalgia,INS-529982328,faker
Sr. Antonio Magaña,d3bb1272c19994835919402b231ff6bb5b291af1e4c43c23f4aefe6819849e90,661e0969b42131d568a20884bd0781d32d2bd247ba0286ec6d1decf7c5bd32c7,ca560a42abd6fa9fdd6f12b311e23c2d66780d1abcbe4d02b855834b599bb32f,tijerinaalejandra@example.org,"Bärerweg 69-70, 59171 Husum",MRN-300051,Hypertension,INS-573561557,faker
आदरसूचक अभय अरोरा,e55923fe3ea0973aa80e94c0ad42a8c4f1bb8a0a6b98fa388cec364408711ab0,98acd7fafd29e459e4d43bb1c4d60122f1771128986ad10e3e61409817026f38,3d3c0b886c721176866ec96d8a0230b9f38a494b1d4d7e178014ed04fbe559c6,wfinke@example.net,云南省惠州市沙湾太原路N座 315109,MRN-896922,Chronic Low Back Pain,INS-573913756,faker
Berta Manzanares,2de9821cc6bcc5de24e592529d9e68790e81cf09a6c864659d65c828c0fd197b,00a60a2b70cf6b1b5ef611d19da507d65ba962370cd3ea91577da7bb20c33661,04ff421b06292b6df185d1cd34bb9e922504ca61cfd3f14421a5d480a3a74ebe,cnnddaasaahaa@example.org,山东省兴安盟市秀英余街m座 659980,MRN-518084,Chronic Kidney Disease,INS-916757816,faker
Virgil85 Wilmer32 Emmerich580,121747c559450c217ad7182deb174b82ce46477fea245450512529ddcb1cabee,d2dec2fe17a39dc5485f93557e866b8ea2c257efa295c29af5114598614a4c63,0e7ca8ef74f4949e5c9127562e903cea4a372eb77b9eb7a89d0a645bed533804,na53@example.com,"810 Renner Stravenue Apt 73, Haverhill, Massachusetts 01832",MRN-D9B3F9,Risk activity involvement (finding),INS-612326496,synthea
Michael Edwards,2cd8642a5fb165eff4f45092be9b243fc0c97561ebfaadc2ab51952c55b52d2f,4bd1042159ea3dd6dc6a8f10779972520091f5840105fddb7c5d309d291982d1,1130e52cd497ae5b465d1e13e9fe0ef3e17734f2f7422f5524437aa4a9dd0b42,vbnw-alhmr@example.org,"Boulevard Tamaulipas 006 Edif. 102 , Depto. 776, San Uriel los altos, SLP 41220-3103",MRN-525110,Fibromyalgia,INS-639577241,faker
الأستاذ حسن بنو فراس,ab8ae1b1000a388c908df7ae88204dabee66218400d2e80c91fd42499a809b48,eb6bce6a6744f22873a4dcc4115849c661a2dde98392ab06a9a10f6e2402dd9c,07316a6dfc9b0293651a5e3c2ecec57be7d4131e79c8e60cb0ea35adab14de3d,zsvinder14@example.com,"85884 عبد الإله Views, بنو شيبةmouth, AS 15596",MRN-265409,Rheumatoid Arthritis,INS-995226828,faker
黄桂荣,245d37e93548678e4cc0c7f5fe245d4174a7a17e29bad4edb938278470d99991,75ae143f699eecbf447b32c069bf57f241c022d688f59cbe239cfff6f5d44b48,1b5160b168f250d60120a4f272976dfa9c26b5f1395fbbddb5be3aa132a71ae1,slozano@example.com,北京市西宁市永川梧州街q座 274470,MRN-964749,Gastroesophageal Reflux Disease,INS-965960427,faker
المهندس راشد قحطان,8415941d183b43631baa8c5bfabe5f339a5ae63d4ee627e10a1cee029a19b940,71acc2d9d9a5e8d9ba6db9df0697820499f98102e1759d139698d2285c3fce24,88e08de2ffb8c3212fcfb4c0d32f96efc4b3d3d4e87cfbdff93009c20b9e218d,anikaliebelt@example.com,"0/6 शर्मा, फतहपुर 065180",MRN-720859,Non-alcoholic Fatty Liver Disease,INS-991819497,faker
Vikki110 Donnelly343 Block661,23abe9b98bb190cf02dc9e9b82745c283e7090b0a1560514069fc3def870591e,2a5f3ed6dfe3100eae4277678d36356ca3b457b1e28e15e57f83c02b1ee64e03,03c4c52d3a7ffe3f1d6cd068b8667c7c224d5c21ce7d34f7c8834b56ba61183c,lalmmlwk@example.org,"183 Yost Neck Unit 59, Brockton, Massachusetts 02302",MRN-B8F6A8,Housing unsatisfactory (finding),INS-639917068,synthea
Gerwin Dietz,552bef13369994f4637eb93b35f228387f1b9c10977450fbe660a0aa168730f1,22a2d614514a227730071304a39f6b927603ee09c3726ee44fd01637c2ed25ae,a2e566e262f8d1c2bc46021a94f7a2aeabfd40dda4ae1c5164f66eacd474c330,mercadoyolanda@example.com,"066 خلف Fields Apt. 412, البخاريview, PA 26542",MRN-185916,Gastroesophageal Reflux Disease,INS-224026766,faker
Cristina Fiebig-Warmer,a7d5f02ec9643cbcdaae0f3c2642eb89e037c18b5ecf444a28624513bd5b0306,43c13329bf76c260ce9a0ff2b9702f8a50193df44a9978ddb9958d47ef2ef1ec,627cd87f46cdca4f6a52b59ee16eb1f14611ccfb4b65e47da868929b241eb807,roberttaylor@example.net,"4/8 विशाल सरीन, अहमदनगर-471754",MRN-216276,Obstructive Sleep Apnea,INS-828230915,faker
John Garcia,cafcd2a45ebce4b006bc07bc1f07b752bb05db5debed63deac114eeefd2ab29b,dea2cbf6501d84e8307f7988fd319f8fff0bc887c96005eeae40a9062edbb6fd,094213f0ec7d47d9018554e4669c591518ae1387042ca527176c1c9bb8586892,kbnrjii@example.org,"39/9704 मिश्रा, दालखोला-587844",MRN-712879,Asthma,INS-107889398,faker
प्रतिमा मिश्रा,7b06c01187a1048743d9fbbc13518678203d1d5a52679250e597221dd5c0c192,c43f25531b97764a08a2d6af0bc6c13d9f1249a7aca22f653a05a42e4b4db80c,d25897c7d89886182e0f2a49d658f29fa14f4d9bf4461f2cc94d4f2154493311,robert18@example.org,"24 दास, अखनूर 264647",MRN-859782,Anemia,INS-916267011,faker
कालिदास बुरुाहजी,30e7b681258b5da632d6f35b763382f04691d878dc146547ff6ca8b543176567,191378e4ef375a624f6337d951c22c9411a73c8ff011428a57736bf240838416,957bb59dcbcf64098a6e157e21dcd9f2d3882acb5f988b5844d408cb7fbe3574,mojuan@example.net,"Retorno Sur Granado 260 256, Vieja Congo, CHIS 07337-5433",MRN-930555,Fibromyalgia,INS-553290810,faker
金淑英,63f7e3dfd65fcc2f09443b0bb142f44900d635e5fa2840d7c8e2db443587351c,326617058fc9f81c312138877a569e2648b4f2729e0c4a02227a0b609c87d25a,e8fa87f65bd6ae8c214d95bcb73c79c6542844f316f7ca8c79eb9d638814113c,nyr41@example.com,"Henry-Mielcarek-Gasse 58, 54768 Oberviechtach",MRN-578073,Chronic Low Back Pain,INS-658655427,faker
Insa Schuster,2488054302a55fc916891f5e027d857a4021c0c76d4c538968e6f6c4533fa03f,ceb41067955b218ed0f6cc5d76f15ac06af1093a791c19aae9de923eff0a663c,fe2d5eb72774ad2ed7f98e9e0b9b0e3246aee8ea6a8e0ae0b8f2150ece53615c,juan41@example.net,"76483 البيطار Forks, Port عفيفfurt, KY 09176",MRN-331148,Rheumatoid Arthritis,INS-732719211,faker
魏楠,0407a1768ae1ab025833b5520ae44b6bd593db4e1e292fc34830a79441c5a046,7d3d362fd2f590d29136a04a0ce01a9961511408bccd2f119de8fd03b1eb03d9,4f499921196c6589ee2a992b1c288826d4c8d00f33c4e54441af39c07b5d7da7,halmgrby@example.org,"55188 Vance Vista Apt. 258, North Tracie, WY 18703",MRN-686075,Peripheral Neuropathy,INS-440696084,faker
राहुल जैनजी,f55b12eb89a00e2c85589dbfb108179a0cc0f175a053e32e3e5e9cfd983c7ae5,895e2772a39425f4dfdd882dcc21dc91f4f5dcabbbf8bfa130d624a7e51ed341,cf393688c7c258c49967666b246792ee0e65e79a57073d09b4a8990584a9b5f0,blaasubrmaaniymkaantii@example.org,"Ampliación Islandia 312 447, Nueva Japón, NL 76863-4234",MRN-315425,Irritable Bowel Syndrome,INS-751682766,faker
جميل بحمدوني,fe4cb3efecdc2e09565e4e3afe55eca8df5d0b80cb3a53f7325536accf30b377,5b9e4f655faa6c6b9780775af2221d8e6799a7ccc513000836273e6e3c7422e0,cdd1d0215d5e38e51cb69929318538e35d457dc11a6f3cf258350ef5069266fc,eprsaad@example.net,"41 कुमार, अहमदनगर-933334",MRN-583550,Psoriasis,INS-372706093,faker
Noel608 Sang383 Predovic534,187482f1f16fadb257c77704a69f50ebff09a8257182ad720cdf6f7d97b13b50,0f4aee980b4e94736470e0cdc2c5c34fec13cae13ad315665db0e66e6f0354b6,c62e3ebbd5747a6bfe849cd455feddb14d2e2b9fd075b80334a34e4af99c02cf,xmeng@example.com,"800 Blanda Branch Unit 81, Fitchburg, Massachusetts 01420",MRN-A0A796,Chronic sinusitis (disorder),INS-712204801,synthea
Bernabé Eric Villarreal Ulloa,9f1e18af8b770f3f0d60e29c56d923ea61dd646b2a1d967680708b5792603019,82ef1691fffe57249614fb85338b910b92847d0d5e140b9321cae6a70e1ce0b5,4ceff9c5869c267f1eba17b0e304a83b4a1a69285e623aa12ce5a72a891819bb,naathdivyaa@example.com,"Callejón Sur Madrigal 973 Interior 471, San Clara los bajos, GTO 76896-2706",MRN-189856,Peripheral Neuropathy,INS-417161302,faker
Mr. John Hernandez DVM,cbadcc4e35d9bb8c4fdbdc2f1e7b9bc05f720b25e8437de1ca4562d917313d1b,77a92c94812a423435973d2e13d7264ebd119b6a25d5378e52c0a1d5ccf63693,2665a89506abfb6e5d7de3eb9e0644ec4e9963d8c45f87dfdf346a319561b8c5,eliao@example.com,"9107 Smith Knoll, North Johnstad, FM 37629",MRN-335421,Major Depressive Disorder,INS-366570563,faker
अकबर लोबो,a9fa471830646c740497acc9ef8e7d33917a664fdb0af1644d85b6fd35eb060d,1bb466d52cc25b21031053c113a051e64fff3383fcf2c0aefa16d10e8255f950,1c5f8b9dd78bab1f5647197474038d2eacec68afa35efde4fc66bfbe3b949269,almftysajy@example.com,"5/7 प्रसाद सक्सेना, सभापतिने-001841",MRN-676429,Irritable Bowel Syndrome,INS-221559383,faker
Luz Mitzy Solorzano Covarrubias,979a778124f48844550ba65f61e39e0de5c3d4c2839e8e062f4b37f6bcd60173,3dc7fab64d7ffbdfe0366d2d2a623fa6eb7b70f0dd8fe01178d37a43c70bd63a,ace505f18baf2b8c5b0c168ca1cf70d9449056207372b3c38de21f537d6225bb,xren@example.com,"51864 العسلي Isle Apt. 925, حياةfurt, DC 78494",MRN-704596,Congestive Heart Failure,INS-373506211,faker
Estela Fierro Meza,056af2d9a1712282aa0960a8a1ee8eb35928486bb7cef607425fa69e151cd7a9,87f6f1a859dcda406eddd9a0af22de0b64c89b92a767c08562bf623d2f250efe,fc7d2fce9a0b37be11eef22060977ef0161a605c4f6b8e32fc88388dbb2c5add,bnw-xaldzyn@example.org,"Kirsten-Karz-Platz 3/3, 16873 Moers",MRN-905077,Chronic Kidney Disease,INS-564520346,faker
Josef103 Homenick806,06bad4723c67d80925d00ab204ec6fb7f463301e088f75960a59db7f941eb64b,689b76825610abbb08a4771c52b05c37548436f0961a5c3f42e4c0dfabc422e5,f32306cb4191e5e83f9b496276cc81cd3b5ac305b5ace41401dab6b7a71bb602,schleichjanus@example.org,"824 Berge Lock Apt 8, West Yarmouth, Massachusetts 02673",MRN-5A800D,Medication review due (situation),INS-977501292,synthea
Everett935 Hickle134,c1aa2331b8e05f91cf070d894afaf2fa5d655cf760108b38140598a1bd7323a9,5e049af3b96ae3ea22021202156473b29ebc5152aeae5e8c37a1447b8d5d3082,1f161f10a29eaceb9c9bc623d034d9b692ceb10a5c3195cbc17cd77827f3a554,pcui@example.net,"294 Klocko Bypass, Andover, Massachusetts 01810",MRN-84115D,Housing unsatisfactory (finding),INS-416730716,synthea
Prof. Oswin Schacht,7d269687d62a88f7abe6bfa74c76853081decf2f777f09b5cad941358a1fb8e1,ae4b1324f128bb23a568182c88b4b916f0b3163bd9fa94848f2a65e513fc1d05,34a3d7fdeea8dcf74741b8c1c26f709da21f773939932cb35ee71509cecb2a4f,isabel50@example.net,"65/22 नवीन बुरुाह, चंबा-154214",MRN-194641,Type 2 Diabetes Mellitus,INS-349777425,faker
सम्मानात्मक रजनीकांत रंगन,6eb50f91c4c3c1789679424aedfdfacdbef70dd202aeaf26fc7d5cce55b7cdcc,73ea3341a223040239c87874f83ca7c0178298e5190a64ebdc78fca09e9e9497,ea31f0e0ed39d342f3467c2dfd8325ad645661f9d576c6a78277c8026ffaf2a4,cabanamador@example.com,"98196 Julia Curve, Waltersstad, HI 31921",MRN-857524,Congestive Heart Failure,INS-774395804,faker
الدكتورة جنى بنو زيد,95d721596210055bcf9fed705eaad2d8a228ad2b891fbc26c45ace3e6fe92b31,eb90811000a52db1b14c8826a315cfb7377f11b908e9ac28054ccd81246c67c6,76b99fa8c666abbcb75706b693e1fa517759d4bb91363152f9c57ead14a58e42,harveybrian@example.net,"PSC 3911, Box 1926, APO AP 85423",MRN-638009,Chronic Low Back Pain,INS-829511584,faker
आदरवाचक आभा शाह,d7b509472fc3c4f0795f4f5570e74ecae7a0b643acf5728b469a08ef94a3f4c3,440cc38fc5e60b277095c7f7adfe2881d58b92187ce928c915f72c21b8f7784e,c79c622caf504a9f2fd861f2b4b8517026b1154201fac6b088cf486f0ed27fdc,qiuchao@example.com,"Eje vial Caraballo 696 816, San Amelia de la Montaña, QRO 18188",MRN-792094,Congestive Heart Failure,INS-527849588,faker
الدكتور سالم الغوانمة,5cd9ab871078489e3886d0ba6ad13f5dfea4a8d56ad10c84779df56e7d84fa14,86989a1e1a9a50b54063b85a503923561c94e168afe850134083c389210f472d,5e2ebf74feaca75c15b875e50aceb8716c0683fc368284049f9f65f4cef9e15c,mseb25@example.com,天津市秀英市华龙李街X座 681717,MRN-911739,Chronic Low Back Pain,INS-200010094,faker
Martha Smith,a5add1538edcee17f4435d2e50c829bea65488e5f7621c1bc0a7e609dfd9669b,de7abfb2c29335c8dcbd44ec66d56977f7455e01e0fe02aaddf942fcb4436803,41a0ab0698f0bd4a588814e4920181bf43885b1f6783cf34e3fb6dd4aa73dd87,hkramer@example.net,辽宁省上海县大兴韩街g座 441173,MRN-284171,Congestive Heart Failure,INS-241905500,faker
शिव हजारिकाजी,df49eccc60f6b770d5c6d012051db086b0b3d10195ee4947d9a75a7d16c7968f,aad66df1912f935d1416164973ecebdfdb3e0b2e27c8eb319d894b7d1ab2d8e0,e1ced91e340c35b905994e808a86de2a77b1c745f65f5cb1584f7c2becd02154,zambranouriel@example.net,"92/9049 रवि नायर, अकोला-442944",MRN-620306,Non-alcoholic Fatty Liver Disease,INS-634211672,faker
Christopher King,3677281788b67cc3bdc9efdf861702a5cc02460fcab1ef11574fd6f961628d68,74eded58d37b4f360c84dcd9aca0f4352611bc433dd68298333f2d9fbd73c1f6,998e5bd008c10e0d2e14137b5d8aca6a79846b201d6493cc66184a55386892ba,cqiao@example.net,"Reinhard-Steinberg-Gasse 9, 90158 Hainichen",MRN-238205,Hypertension,INS-484659715,faker
Klaus Budig,f50ce1ea1db21a4af99ecd751868219eabe920ed9c2406fa5b23c4be2bc88ef7,51213cdc051313a64f564df9f5df271ae4c1ef4782820fbb922b601263702e2c,6fcdad8c21a111eb68804d3979fec9cd2682f6b18e502263c4baba9626efedce,xwhite@example.com,江苏省贵阳市锡山哈尔滨街L座 508304,MRN-539599,Congestive Heart Failure,INS-790042893,faker
Paul232 Ethan766 Lind531,5cbd475f1474b84fcaf7e33bdd08961b6fc64e0ee65aea1bafc28ddc47f34c5e,073b0db7a602048dbd31eaf046b35da8e163cead7fdad484de078665640d9318,76cfacf3f4cc9cefd97acdd76c72c4aa9ddcfc9ccf7a760c85032f4b189b525c,atorres@example.com,"704 Rath Street Unit 1, Dartmouth, Massachusetts 00000",MRN-F4C17C,Medication review due (situation),INS-654762561,synthea
Rhonda Lee,c2250a104a5efdd15a2979c3835aca47d723b7a3f88dbb7c50b21417e62e83bf,be43e880f12dc9acbcbe4bd76c99b7c4faa88caa4ef4899bd4c0bcefce0f8483,a1b702a8c20a5c4b7b7233741e64eed9048b12d017d3fdacce118130cb6c6884,alqbanyky@example.com,"50937 Chambers Courts Apt. 040, North Jasontown, MS 79535",MRN-277735,Chronic Kidney Disease,INS-388749542,faker
Univ.Prof. Wieland Eimer B.Sc.,0cb41ca6facd33be4a8b20c0d449b2dccbd5953cae60a971a851d34d15d0df80,80f87af10a9b639968f4cff68f0d6859fce0861434f3a52166bda7577eb6579a,5290f2f4c44314646d9b725bb09861a5341a48791be6d62ba45264c3c4ba38fb,lgregory@example.com,"9/9 देवराज जेटली, मोकोकचुंग-347784",MRN-955374,Hypertension,INS-495521185,faker
Brian Abbott,aa8d86c98ff468649433860c7215f7b5c419ae634cdfeb070363f09eaa12e4cd,41d772325b78a3b6ef1afbd5450b6a8c751bfa148240756124c7a7b0db82b399,7425339105cac541030e19e581b441767ca913d12bec9d85d5e630bd11eb8fec,arndt76@example.com,"8069 रंगन, करना-717957",MRN-940952,Fibromyalgia,INS-986485022,faker
السيدة جودي الدسوقي,4d0890571e91e7c38e2ca52fbabf1702a3f4118ce705c26ac13c840f72052149,eb88cd614c7308c1f7f805dd2f2eea1a54a57fb0a614140e113b545edd31e7a0,72b0545283f93eadce3dfc21749ae0a108722fe9e0b05e0f2491fc8f0d37aa91,naluo@example.com,"681 عنز بن وائل Skyway Apt. 392, West فكري, MA 66227",MRN-311727,Psoriasis,INS-258783057,faker
Luzia Junck-Trub,bc44ac9535cc34fdea005932e82d7b7a9d134f073d0c82a3f14b07aadd3b86b9,4576f566872d8021943dae69bc79cbbac8ae72503451e97c1e96fd713694527f,70acc9a3e7ba2a63d32c78c87517006a8bf31fa20fdb2df1877d791f09c4f026,nritter@example.net,"Privada Líbano 624 Interior 220, Nueva China, ZAC 21267-9692",MRN-138780,Obstructive Sleep Apnea,INS-316456682,faker
杨桂花,5e01ebe1faf80a1428c3b605dbc3b9e6aaf16383f919189718ad6b35b23d082e,ec9b5c0dde7d0453c4565622b72983ee3eb51907af884096607bac04fd2a95b5,747572f9c8e3b99a0dc9ab9d946d48204cf8f073eb7c6cd8eca5143467d4a286,tonyflores@example.net,"Carsten-Wesack-Straße 2/8, 82313 Hechingen",MRN-412974,Fibromyalgia,INS-216076355,faker
Kathy Villegas,14c119243eb4aa74fea3e54cb52f0efbfc4cf1247d246088c431afe39cb3902d,a783fcb16fc1f96cf0864a2d24a809b79bdd89543d5d8b467372f4661f64a844,08e271984f69a5d509945b209d1a23b189bca81293224dccab9e932224fecd99,frymatthew@example.com,"Viaducto Bahrein 624 Interior 813, Nueva Islas Salomón, TLAX 71398",MRN-993251,Gastroesophageal Reflux Disease,INS-277601056,faker
陶桂兰,57c57fc8d3434ea59d2a5adb69bd2c0f92b248fc00a90930121a90db7dca80b3,64671318e2d6ff2496e5dbc8906d232feee0c31f0a11741eddd31adc77e55796,8e9649983ccc122a5ee392f423a87f2a3b04d501631b2fa4b65d1000a308b680,olivoveronica@example.org,河北省桂芝市黄浦哈尔滨街U座 876184,MRN-688956,Asthma,INS-381080560,faker
Felipe Lerma Hernández,08f02577119fa625f6a577fd775cfae79c2def9cff9af3a81baecb650eb76349,875ddb4ed584634ede770965b01dcd447a41d545db4fa2a577a12684c5fea70c,61a08adf66c2e48454d4ce99caf9e0f0e8e79960458259fb1acf66d3570ea42a,chao15@example.com,"Max-Kambs-Allee 37-80, 78576 Parchim",MRN-970068,Gastroesophageal Reflux Disease,INS-847401602,faker
Hermelinda Bañuelos,4f6fc8c168323118c0be9c3ddbd828225d53ab37e7db4f3b7a2984c3733d40c9,444b10231899594f73c26b35f246b217fae3acb5f6b48d536a5a0c93a3680f0d,314e8e936d0c2cd9e6893fa78588ea4bd28b8abe394d78d50cea3a639ee713d4,reedchad@example.com,"40 अर्जुन मेनन, देवगढ़ 674300",MRN-372804,Coronary Artery Disease,INS-133374137,faker
Paolo Dobes,5a5f9ee13d6154e8cb94b7219720487fb63e1bd9aa2a87222297115ca0fa8095,62ad0ce0ae268269f91d0909d4c64a53515f05477855587268fdf6a2d5655238,9c04da8a066268686f0dbe9704fb456006118a2632a1ec1fe37e977c4eb2e1ea,jie62@example.net,"275 بهاء Summit, South باسمة, TX 58485",MRN-870214,Major Depressive Disorder,INS-748232591,faker
Nicole Wilson,41cabdaee4e232ce5ac6305a7ac1493ff178e62df01df249c6e2eb5d27a2e25b,e09b18ca2205bc5ceda0b6110bc944f91429a5c53f624a0caeeed52b7d32270b,cbfc24aa1df41dcfdd8e76058949b2723a8d7211b45b60a8b03375754ccddade,ejacobi-jaeckel@example.net,"74/286 ऋषि रोद्रिगुएस, बहादुरगढ 801856",MRN-421384,Rheumatoid Arthritis,INS-747060047,faker
विजय पटेल,af6717cb9ba58dc1133c22a6f64588eb98238b80a14b2bed88c872efbff4e1a3,b1df64f5df7ff47c394fa6717c4a19658e6e14122f0c70da6400315f21e25054,ee09fdbedc83be1d76f127e1516797a55baccce4ddad960898253f09c3ddb546,uford@example.com,"2507 Jeffrey Alley, Michaelfort, OH 19653",MRN-155642,Fibromyalgia,INS-160778918,faker
Gregory Franco,df5c38b165cd50f2aa1247410af5aef95bc57030cfdeb602c0769fb4f55dc723,ca1fcc2baa916d267b2430a489b795b06abaf2185a402cf13f9438c2069d2cc0,331ee0f778edaf064fee320f0c9977ddd434cc0acd20aa051943f0b44acb8018,usweeney@example.com,"7024 Bradley Fort, Haynesstad, NH 98529",MRN-237377,Obstructive Sleep Apnea,INS-570423569,faker
Trey250 Brooks264 Hodkiewicz467,c06104ebd28232bfe5b2806a12f2f54c456a7ad3a2091b7a9e1433f654f799a5,67d030e85c8db174aa74d9c9c0606afb455811a553800f90e69aa6c41ea556d4,b617f097cf66be53ee8ad7e0855cfe948b0d33e0d14779f7871fb3530a3cee48,gerfriedreising@example.org,"135 Maggio Brook, Boston, Massachusetts 02163",MRN-66CBAD,Chronic pain (finding),INS-125504528,synthea
洪萍,3c54acc4c0513d1de20ead4624c24127cb3df8461d25871c3ddafd60f3ee3670,248ee4a93fb4d7743258446d72f77f7ca1ea1c271e82d38365018f3cf2c68832,0954f4cbe9fefa18b9957e7a81cb9c4633c85dd10739853fbb60f0ea72e86aa3,jianggang@example.com,"Viaducto Sur Mascareñas 618 538, Nueva Finlandia, DF 33472-7274",MRN-911982,Asthma,INS-665104817,faker
Univ.Prof. Enrico Jacob B.Sc.,97d3032f35f50b7cbdca63e14bf5987564037cc03b14534b79759f95edab233a,8b58900f4f661e88fe5c731d9e9eeec7d1c75461661e951eb903727776cc5fe7,437de4874e66a94deb82c9fed356533c4c58e2d0578c83e4932844894a4b6a88,jgray@example.com,"76591 Jerry Ways, Nelsonland, TX 37250",MRN-524045,Non-alcoholic Fatty Liver Disease,INS-361246928,faker
朱淑兰,bfafb81a1cf41909aa44cbae52f6b2ded93cc94874785ac25763d7f845676b55,837384fcfcbf507867aadd88d0fad96ab34981ec45a83afa3da14d2c264098fd,de725ed0222e5ff0fe18b2a44224bb2a03a33b0af505148e2c6899dd7eaed6b6,ricardochacon@example.org,安徽省惠州市清河许街x座 962319,MRN-839142,Congestive Heart Failure,INS-841139461,faker
Uriel Jáquez Urías,65cc8d49d7c7682ff13ee110b2be170f66d897b2857ad8ca304084a28eca5656,03e19e0d3d703b3fd086d8f2a9a18f052077dea9e9bf5d028b6e4d4b45a12121,fc1ecbe7f3fd1c1a6094d0d88fb32cf3417736e69c9835eff39a5b6f61bfd301,hndaljaewny@example.org,"3 पद्मावती पाटिल, चित्रकूट-805137",MRN-544393,Hypothyroidism,INS-474423649,faker
माननीय बलदेव भट्टाचार्य,d841219795892948460c82677345ed42d8b9f7f667e3ebeb95dda3fab54837b5,700b5cc107e15f9aa2e7883b049fa34fac632f9f4f100bdbabbebb5d0fec9001,acdec728ac01ad2aaf02a11529551618ad3ce690d1188ad5da31863a7a65447b,karen68@example.org,海南省西安县朝阳重庆路L座 242271,MRN-522419,Irritable Bowel Syndrome,INS-905094179,faker
عصام شتية,ffdc98218b40f8ccf4fbb33f32602cd90ad5d9adde9fc4d50f53ed321c4a449d,40eaad9fa9a870412be0ee184b10df737bb71c38612339db64d47cb144eae674,6f8398b027026861ebe88b2a6ecd43b2788c68421b0bb923ea2f4a4246c9ffaf,yongtang@example.org,"1528 Brenda Points, Elizabethchester, MI 87708",MRN-475190,Congestive Heart Failure,INS-832363533,faker
Esteban536 Pablo44 Adorno791,aa8420c2dc7e0ad28c73b85c7f21390978b9b12185d1efc45043f5bc07441e90,be9fc3fb17a8026e0b58db0c21d3dc2b8f09f3e5d5481ae0f931cf6190b33575,eb23d407e9992c623c631821e9304aed7c077cf1d89faf50cc53d87838851025,qwen@example.com,"1080 Wilkinson Trail, Lakeville, Massachusetts 00000",MRN-AB461A,Medication review due (situation),INS-192071758,synthea
الأستاذة بشرى جبيلي,e2af89e186b9ba3cac364e72216550990822872365b631682682340f5fc449be,2d64729ed9a7f0417f5ff3709e69e0a5d05eb2d0d9a638c18a6c9b50952dbb90,8057b2c34c815b11fa9c831bf8feaf661296cec287b4b395dcb68c70e986ae70,abw-alhajmymwn@example.net,新疆维吾尔自治区宜都县海港张家港路O座 765804,MRN-231250,Psoriasis,INS-425155441,faker
Nancy Ofelia Armenta,43a4a146268580b3ccbd649fe991479aa70f791fd87866a1962efec1962c432d,04679fe1251364f76a52fedf6f5dfb808708faf86ccdaf03a491cc4310112c7a,ae1a6a567c5f1521cd3577b13f865201a6edc987a58d1446ee8471890e0f206c,brownsamuel@example.com,"2967 Diane Club, Shawnaborough, NM 92940",MRN-710610,Anemia,INS-377906552,faker
Valerie Norman,9e42a94d03c48f26e3394a79f699cbd197e6a1f1d1dbbea822079372cfaa0066,caea8f645b755401678b997a242eb6795b7abf5c55d679c6ddcc6cc595fd3836,e3fa4c8038dcf74eb1b8d90dd44cb42cd4712a45c858a1f1aee514e9cff3ac43,reddddiidivyaa@example.net,"Unit 1647 Box 7251, DPO AE 85414",MRN-333049,Generalized Anxiety Disorder,INS-339796534,faker
Brian Benton,68ff5b5eed32c9545aaf26cdf01d8fbe203c59b4d018d9b287378adf2c94a0b8,7a7ad0aff6f904a6c345dc71647d67ceb7280856dbf33eadb21e1bbcf59c333f,33b7cc1f2b2dcccbb7436adbccffa89c693fa86251f005ef03d57ef3b20d406c,jauhr38@example.com,"Circunvalación Covarrubias 496 Interior 919, Vieja Italia, SLP 59710",MRN-844858,Asthma,INS-916875967,faker
कुंती मल्होत्राजी,f6d965421bc5c8d53ab89413692edbf047a6107310ad41c667fe47a7ccea6b69,0c82d6df06cd0fe003c6878c1f93437c7ac75dc44f0972a4d605f36d61156304,66d092e6c179150c4abd2b3535a44b1555affb8b92a32c546143c1e389c0e76d,yanyi@example.com,"64510 Dillon Run, Hallfurt, NY 93521",MRN-235215,Peripheral Neuropathy,INS-861104727,faker
毕桂珍,4133060476676c755348fe0eba2c6ba9e301acf228c8cdfa7c9124f242ed0446,c891b865d7ad87ab09c65952ff01a271f2a6af02fb09e59b6ab486dc95676527,0c1c1c341ff1cdd8af3f389e4b5ffc89e4d918b66b5c5421206e8aebc8b317dd,lisasmith@example.org,"462 قحطان Ferry Apt. 372, South وسامborough, HI 26838",MRN-406024,Osteoarthritis,INS-516396603,faker
Christopher Morales,afc81385f550349b34ec336b9322382b1bcfa754dda86471e90445a2460c5575,10ec40ef13a5fc9f3c69b204788688bbbb8b52ff020af6c12e7e6befb5cada7f,5c412f8843e0551e507b2678b35fe4386b4e601d0713fc86bee2750e6cacd0c3,valentinhartmann@example.org,"13649 الدواسر Station Apt. 419, بورانfurt, TX 91428",MRN-892313,Chronic Low Back Pain,INS-250270803,faker
Chad Cook,f70d155670163f0e5727ef27174478813462a9b81c04b2c9480d3186e6ebdc91,5d1bbbfd1c80e6bac32aba722cc78c4d108275b84e0e3fe654f3e00c005ee1a1,40f760cea67479560132e52f98ce08d7b9fead36dba6738594ce6354f444f63e,edeltrautpieper@example.org,黑龙江省梅县长寿马街v座 869409,MRN-130434,Hypothyroidism,INS-460916347,faker
Tracy Torres,688c0928debb40f9fb3bc245270ad4d7f0aa274cd448950c226ed04617367bca,ccb972c2a171f316086c6d6e3c539fa0ca975c18a2bc4c47052966fac0ebbd61,d2c7fb032af69a9d40544d9518903df18874c435ac610e95058c03b9089cb509,paigetaylor@example.com,辽宁省帅县朝阳张家港街C座 151585,MRN-313487,Fibromyalgia,INS-781007818,faker
Sra. Miriam Calderón,09812f4adc256ed5b581a08050b4b594846925c5fda0c3da785fe8db3ba2379c,416eee4fbe713b08dd61abd50317ae05a5012e18de5ea2c42b10db8f125670e3,21c72b2cdfca3ec7aaf13ba99be8d318a1443b6e5cbd1fb1d50d62d6b6a7cdab,gjohnson@example.com,"Lachmannstraße 538, 91620 Diepholz",MRN-451291,Hypertension,INS-914893975,faker
Liesa Gute-Pohl,c7d063654fe0f4a289041dbcef288f3446914539bbe8aa4b19e6385195a7e561,bdb7a365d815378d04de8d02de181fb22c18b8d82eaa68ea3d4948fcac9ace38,beadac190c34f58a97ffa525379cdd8a1a677cbb6f20c19f47098b2f7737cdf7,jessica89@example.com,江西省宜都县西夏永安街G座 551848,MRN-130359,Coronary Artery Disease,INS-393421844,faker
Samual455 Samual455 Lueilwitz711,e8b9e024044bf4bcb3db3421f408de8c2e6b5eddc55dda947c73cd5cacab5334,67d44a56c37d0419bd105751e91a17a43c19049a0385e28401f8fa36bfcc3dd1,f82e17db8a26895ad355970fd6bba7f67689a59f05890495c62fdd9789203621,riza25@example.net,"973 Buckridge Village, Wareham, Massachusetts 00000",MRN-33CE64,Medication review due (situation),INS-832999366,synthea
Kathy Walsh,7ee7c1c79c0bd8199cfcceca900b917848a155670d70e71c9b7b5e027997134c,df907c388ff67465800d539fac9e071f70b06f0638407bccedc9469d4a624061,24354ccb916d7095ded063312b90668b80f93c1ad753f7f7e315441ee7484836,buruaahshivaalii@example.org,"Diagonal Puebla 743 Interior 132, Nueva Bulgaria, GTO 75618-5374",MRN-844261,Coronary Artery Disease,INS-433665422,faker
杨雪,c64d84ddd081fd3e9aa9ddab67d57efec0190542db6c3b320b40b46346d0b9c3,00584a5cd804228a7e9b75e6a25687463c654661c0ebc36ce3a229f4f46ad53e,63eefc44ab89fe4ce4df88711041401153e21c56cf3efdcff6ff9e2118cec240,alhsynyyasmyn@example.com,"Hoffmannallee 92-22, 09957 Hettstedt",MRN-695225,Anemia,INS-252581172,faker
Michael Dunn,84416b3e9192faaaef8916b07aa829a0f5c0a8abb70029a98a4dfb8831743596,ed927ad5084924f9909c53fd6844cc5e59b926626693fec2f56aabfe2aaf1981,069e85cc49730bdec35fb335d7d990aee5ede468ae8c9de0e924fb82727fe39a,nergergiesela@example.net,"Avenida Bulgaria 025 Interior 643, San Violeta los bajos, CHIH 87153",MRN-943135,Major Depressive Disorder,INS-572685761,faker
मञ्जुला तिवारीजी,e78736953a8289462ed6a908cd51cca80238845721f13022573cb610c38d100d,d419de751f10ccf7f774c7a9485901ba834419b8268d81bb1514fc1110fefc0b,ce6ccabb4770e6a7922d2d181c0835976c54141ab4e73ab0a983289211efa71a,elsavigil@example.org,天津市琴市高明米街t座 329659,MRN-626428,Fibromyalgia,INS-156556289,faker
Yusuf Hövel,113f71f14769b11663ce131dba39fa433cc6d1e3565f03c515a8284a01df6788,89dd6dcb37251690203c5e9186ba16a44ffe0ef3ec1bcc0d554d5d7288a6aac8,5e10a95b6f453cd93aedcc91b98775eec08709472d3c2095c6a80aa5f532efed,xuwei@example.org,"Corredor Valadez 149 Interior 368, Vieja Argelia, GRO 45502-2961",MRN-348237,Coronary Artery Disease,INS-958872154,faker
रजनीकांत भरद्वाजजी,48d509ba29950b1fcb9cc82b52623a6f33afcc5d1d0b28cdfcf066142cbe30dd,1511ea0e167f3210e889fe1bf7a4ad969f6f4dae5de67447de8cd852b0d7f93a,71c4218a062ab9d92a51e35c7c62e14ca9726f06d943cda071d256111dee051e,leonroberto@example.org,"Andador Norte Nájera 490 Interior 149, San Raúl de la Montaña, TLAX 07070-5783",MRN-778720,Obstructive Sleep Apnea,INS-635680789,faker
Amy Smith,79b3477db2cd6591e7b363903f2f3df7c296efd46c3ad96bd9142cca1d420a88,5e7aaf9d5b2b1adb8564193db707625f2a15504b27ba5e632c778558af4bef7e,f0a839f275b6b1af86cbc699b6abfd2f03e8176fcbf1871e8e04461ad72ec0dc,zoltandoehn@example.com,"Viaducto Sur Santana 235 679, Vieja Ecuador, COAH 62491-2711",MRN-160718,Atrial Fibrillation,INS-192570281,faker
السيد زياد بنو الحارث بن كعب,994a154d0edaacd593b277f93386e4a45bbbeb46b5b4ecf856eba1a56e758253,46edbdc051aa484c51da3b86bbf947496ff7419f2d40f87712bccb5281234d63,85e2713e3fc5241876783daaadafd84ec20b20691655179a25bca3e47d7b4869,abreususana@example.com,"1842 بنو شيبان Islands Apt. 053, شامخview, AK 70937",MRN-243167,Congestive Heart Failure,INS-975331448,faker
मनीषा टंडनजी,f09935b62e0d91d3c65c53557038236012ad342c1da328467c9bce56f482bb8d,883fe858c0bff9fafa0e11387704af0d1a2923bf95676f66b29469153fea34bd,08bd4df23b28a5f00272bf158c30421f9761a640ba1e1f8c3e4882fbf4e218d2,benjamin09@example.net,山西省银川县南湖邓街V座 701455,MRN-187949,Coronary Artery Disease,INS-392907427,faker
Antionette825 Shamika26 Ledner144,43ba1b58040585e6ea7c0100be1e6cd817a099e19ea46a5ac728a959ddcc84c7,b1e6ebae314b8ce84fb3d3d347cc764218c657939b45710f3195de1d6d55b1e0,d030cf4b6d197a3def77552eb4da5cc7e1e33b9d36210047d7af21b9f8fe9e15,utschentscher@example.com,"457 Bednar Divide Unit 28, Northbridge, Massachusetts 00000",MRN-A7D863,Medication review due (situation),INS-325542573,synthea
شيّق حب رمان,ed317001447633fd1250b19505d46ea7ff501aa15759d899e52fef6ea1d94709,643a26a9054aed713dd820473c8c9fc96b1462462ae9e9f22fdafea5acd7ebb3,32c0206c5db468013e79099f3431892da53b13ff9349919db96d542e6e73a51a,lwu@example.com,"9644 حسنين Prairie Suite 916, همدانstad, LA 14943",MRN-356430,Type 2 Diabetes Mellitus,INS-606553372,faker
इला प्रसादजी,46e70837d372b47d6546a18c7eb2dbb1a55b67a5dabb32f01a9423e054a87213,f849576820f3bd64e824f2339e5f12fcd3f75bce9020d9c5cd4b10811ede8e52,12bc0fdd1db7b781c4b04699199be3047a80ee22392f50c7bb533026486884de,xiulan56@example.net,"Callejón Sur Gallegos 658 Edif. 902 , Depto. 601, Vieja Saint Kitts y Nevis, TAMPS 14351",MRN-788637,Gastroesophageal Reflux Disease,INS-340781088,faker
Ronnie7 Sam879 Hilpert278,09c5cf77ae9e5d16018b5c9ae78cd5c8f74501bf7b71e20e32394ef58a4754fd,14d593211f2286f73890363ace1072a45c26031ff90baef157996b62807ea2e8,3ab115577776ee3a0a04f32680acb6e9fbe60108294149e81657ca28b2311eef,malaveoliver@example.com,"421 Farrell Fort, Westborough, Massachusetts 01581",MRN-E81F3E,Risk activity involvement (finding),INS-241962842,synthea
संमानित गौहर पटेल,de255ce6c12e565dfcf0c4b8f563f5081d997ef4a2bfee5f9d072b5e0d2ecd8d,048e643037d6e802b80c3019e3efb6a3be645fb980ba9069270b046284ee3674,481a787a9cb1f471d0f2ac7802c94c0f189049df6d1f3640027d913e6ef87947,yong55@example.org,云南省齐齐哈尔县东丽孔路b座 884357,MRN-541557,Obstructive Sleep Apnea,INS-619939412,faker
Lorenz Schlosser-Stiffel,ba321a3f9b3886fe2e3f90976d83c7d6e3224d5b08f3869369d75975e40e4506,eb2ad7473fe23176a3d4549afcfc338ee66dd0c8d4f6fc753d67541760f7ad20,3b317cbe3299681328c75c35ddaa522b6d72d0a5fd29dd0a5212963e1f13e809,vpreston@example.net,"Corredor Baja California 444 Interior 713, Vieja Yemen, TLAX 46913-7367",MRN-440131,Type 2 Diabetes Mellitus,INS-415001254,faker
Lucía Esther Montaño Reynoso,671ec4e026c93edeece2423c4239e0712d9a07ecbd99328fcb7b94b030008be3,95f9f3cf6f76a1b10088cd820fe0fac7e7f8800720e83647ddf5ef3cedc98186,a2a080f661327d85e12f12d1b47b37539f3f96c21e495d0b3723f19518e47920,ealamam@example.com,辽宁省海门市怀柔赵街U座 561394,MRN-140666,Hypothyroidism,INS-455939049,faker
宗丽,aa35075192089d557f58fec14c382d82adb34ec07414becc5390d06cc29f0779,d1c49d8a805cf4671025f1acdab22a6d3f388b3e9f2abcfed1af4a447947cdee,139a6f076aef1795ba11d83e5e144713c61b4af80da2edf0996641dc793d7d48,hpan@example.net,"Calzada Norte Lovato 167 Edif. 243 , Depto. 426, San Diego los bajos, YUC 88680-5891",MRN-831295,Chronic Kidney Disease,INS-784907325,faker
Tony Le,be1b416b0bea9703cb63b64bf498e0d308663fc8d8ee826f752d6ae0150b5b73,3e340d578a36b5a6236de54c32676457b5331cc0c0760835fb2afce1e79ef08d,9c5b211d0803ca29b81b1645c5619a90857a63c2fea541683ea515bbdbe77fa9,ernstleif@example.org,"Mansring 3-5, 93752 Herzberg",MRN-478411,Coronary Artery Disease,INS-424557359,faker
आदरवाचक मोहन रंगराजन,3170b8e9348e1c84a7403f520a85fa0689397102f42d5973194a5ce07707344a,3d74194fd0e948fd61d25f6494a5f05609d902a7dcdb9123d1f995279d1786b1,32b8bae0d36114b3f620142a08e507ebe215f6d87a27b009f8e9584f445f22ad,minerva84@example.net,"15 पवार, रानीताल-257375",MRN-769320,Gastroesophageal Reflux Disease,INS-821413281,faker
रोहना सेनजी,89aedc22550785446422ca68569a117f4bc004b7f6e1a7552343ffbc1247b24a,b3e49c0b5a063f9a1b0598839d2a3fc88472bd814b0447188da09053f315e45e,2355b944232b78340e623caa2a37e5c2c831c7e47ced32fec81e6b00d0c3511a,hylhsnyn@example.com,"850 नायर, चित्रदुर्ग-726284",MRN-454508,Hypertension,INS-731691672,faker
Gonzalo Benjamín Corrales Maldonado,c7240e3f147b740df5aca6c0e34dc711501b84f4b42120b7ae2e40fdd62b8392,3d4d32072fe746954e3ab193c79a79ef6898099d0005210c7a1896f0b6a2789e,bcc2eef373d46a849d983c3de888aba0f30cd5d15b21497a85e930aa752a2301,howard04@example.com,"4610 John Ranch Apt. 788, Averyview, AR 42225",MRN-705526,Peripheral Neuropathy,INS-929506584,faker
المهندس عبد الإله الغوانمة,e562c46ba608ecd9691dd23ad68c440eefabd5c62f6a22353c84463258118a72,2dc91f05bdcd7db57f8ab064cfe4b1a668ec0e0a45f5c6d243e5bb4b4b565a19,0a2c96d5ac64f7165cc70e0cae4b241b3b19a441dc4607d50ba604cdc2e27156,friedrich07@example.com,"2536 سبيع Mount, ضبيعةfurt, NH 48153",MRN-532368,Type 2 Diabetes Mellitus,INS-698214865,faker
Anabel Laura Zedillo Gurule,a22c2dccfe75ef9ad9498413ab951de64a15b99f162b8728217bbe73c80963eb,32bb8923e9c580e660cac7a01e5e596be0663d40abbbd3401d1c528f5ca8c083,1c0f9abeb9bbb394d6736b526d76a3ee1c380094bee9aeb043738569607e8dab,draay@example.net,"754 Austin Valleys Apt. 632, Ellisburgh, UT 75030",MRN-198042,Hypothyroidism,INS-507231644,faker
Lilia Angélica Caballero,da17b1345272ffff75c5b89bfcc597abc1ee8f7f2f0733ae16dbb3db2de8fe8a,70dd8100611d95e8d216d45a39aa285b41ab8534e618cea205c5b9b699858ead,1eda09c693c8738347daba155b887ca66edf35541a5d5eab9e04cfedb168705c,cgallegos@example.org,澳门特别行政区燕县房山姚路j座 277288,MRN-663356,Hypothyroidism,INS-667840357,faker
霍淑珍,cd980085ef1432890931a7048fbcc602de5eca62042d3055b3211575c32475f2,46685d2afbe7ae083812ad1b5b09caa37d0e0c1633e0f46a5b923247802b4329,f4fb961698b72a2ad59e34dfa231da25479613b6064d7e0d183ccfc250229bbd,sebastiano28@example.com,"26487 عدوي Village, مُناضلside, WA 61246",MRN-267457,Major Depressive Disorder,INS-720286733,faker
虞丽,6f9c7b5ba4fe1298afb377908550faeefefc87c9fd0b42ad35020e75e1355f37,3c53ce4da5b3ea9f508252b4bec19a19fcf681ea645cf36a0c0ce5e5dd7b00e0,442ee8e17f468629db10d140402e7ff17b9dd968df520bb9b708ab092e2b78d2,kaam53@example.org,"973 منيف Turnpike, East نافذfurt, WV 85051",MRN-668471,Psoriasis,INS-163063063,faker
Angel97 Dickinson688,93abb74df00a7f874ad2040f400f1198a6bffa355ad25d5290b99a0c2fb6703c,9379186c09aaeb4cc16903ddc7df4273ae724ae0ee0be922c66fd878736999c3,275a57e1ea144364b95d4e19932d6376c39299e849895a9eb13c1d807ca4e2b7,staudeinna@example.net,"623 Kohler Common, Natick, Massachusetts 00000",MRN-6ABA79,Perennial allergic rhinitis (disorder),INS-799573076,synthea
马艳,658c3a65997eac172b452f7c4f3c4d131801f3a48738c08c09b62f2207249426,331153a8f77b3c91bfbccd238d1f5e5e84672bf6c83de0df330c1eaaa0a9d332,9880452133db11a99328683f7adc0615765dbc450e34cdcc41a2d75bf32cbc8c,tpeng@example.org,"Unit 9003 Box 4864, DPO AP 92332",MRN-404561,Type 2 Diabetes Mellitus,INS-408840720,faker
هنادي غنيم,1b34f8c36ee83006c850cd48650738edd781243a1bd6fdf2dbbbc2248ac9b292,623ae2071cb24672d0c8cf87b388a802d94ddc788ac6d0a9b6c5c44d71c97e1e,0ba03143faa980f3e27d4d8f9e6448f9db56629fdec8a163bc5d036e9c9e58ec,joerg-peterdavids@example.net,"Schönlandgasse 2628, 75662 Kitzingen",MRN-390794,Psoriasis,INS-236245128,faker
Ethyl508 Dibbert990 Satterfield305,86de237bc16590774e663a4112a66c1cfded4273212dc1113fbd54536c782773,e9f19e73dbf8c7a8f08f1063fb181e2a6167d519211c486dfc269d6945c16dda,dac6d4b60aa7feedb8fe18708dae9be4aea1b2e7b7e42ee25a2a9bcbabe04e28,aldlymsmyr@example.org,"887 Maggio Club, Mansfield, Massachusetts 00000",MRN-57C845,Risk activity involvement (finding),INS-962152669,synthea
Christopher Wende,6a3ca8984f3caabbda41a141d91563c498520e24cfdd2c55e3c8088119fe1eb4,5131a6339ef13c18c8dfde82a4b7b5e3bd348657499f326c1968f21421dbd505,a0a6640c9b8182e9c9cf6b57e3b84ae499fa21a041f9118420e733da81bc5f03,gnnesh60@example.com,"49/65 सितारा चटर्जी, अगरतला 931746",MRN-240814,COPD,INS-223940587,faker
Kimberly Hernandez,ba8306a685cb573c308f76d24f34a991ea209940eb5f3d67d0c233f3a5117f5a,b964ea51cda26c27f9ea7dd3c82c43d7d1fab28038424a454822f42dc7518225,03ff2f1c78d62f2dd94f4a16dbecfc7bef216160ec80684a46229ee7698c6dc5,terrimoore@example.com,"Vollbrechtallee 7031, 79904 Coburg",MRN-464863,Osteoarthritis,INS-457887167,faker
Shannon Gomez,09a66c3c8d0f2308606724832b407dfa3b044ac95c81b31eca0958c355b901b7,e241c2a9e527ceb2c63952ee59a7765ed18b87b67054db39a6f0d1b795588f88,d8dd136c9bb565775c5f6d48cde6be871ffa108a1ac28d96562f14d8ad35901b,sudhiirmaalik@example.org,"335 मिस्त्री, अजमेर-420595",MRN-919898,Non-alcoholic Fatty Liver Disease,INS-485593692,faker
Laurene370 Hermiston71 Deckow585,56d6d58da7d8a9cd6464e331d016a1a8373fa489e02d8354534a20c89a708567,c648a0451757c16eff95d4d0d25723d77ae288c10d71da055a6ec470499cebd5,95a7d88ef2560b9dfb8e9faababb5dfaacdf6cde2db730d422fa388a6afee81e,shannon79@example.net,"297 Nienow Flat Apt 87, North Attleborough, Massachusetts 00000",MRN-0FF05C,Adolescent idiopathic scoliosis (disorder),INS-911706504,synthea
माननीय प्रभाकर सैनी,90f3b4ec1a61bdb27be7e73ec3ed7ea203d9685d7e40047d52e0c7049789cde2,c475828bf887209ce07c7cdaa2c55f8f7748cc2a2ead233e9d0e8665918264f3,bc95e4e9c67160a1a182b6ccc58d8638e42b06ba7aa29f1eecaa68ce6a88f9e8,najhbnw-hr@example.net,"3782 المؤقت Rapid Apt. 146, ناعمview, GU 00837",MRN-707314,Chronic Low Back Pain,INS-682177668,faker
Anitra287 Rana586 Leuschke194,3ba52ae9a8a4d14c565166d5fd81e44fa1b788eab1b990d73ea7bbc4ce8cc97f,3f62067a1da1b20a7bcc3b5e5fe798d13a6d85da7294dff694ac3e7fffff1357,69b6d515450b6a8a12968cda161935b5165032cd27449c86051ff5d2bc2ed095,sumnaa70@example.com,"410 Fadel Port Apt 21, Burlington, Massachusetts 01730",MRN-55A165,Risk activity involvement (finding),INS-706310053,synthea
معمّر بني هاجر,887d4244153963eef4ac6fe637597794b154a5cdffbdb39f7f829af89db5260f,cf7234b35cf0a2a928866364ec260492f59fe755c22dff8e2ec2f28c87566ffd,3be71da543e23e3f92a0111af3d1634428208e1ebb4a22470a9bc4c1119809da,sudhiirbnrjii@example.com,"683 عمير Path, Port فطين, NH 13344",MRN-493892,Hyperlipidemia,INS-833076128,faker
April374 Marti99 Little434,5b906a05edcc9d29d35025abced626acb2f0b1ba0e6546f1a84076783dbbaa22,2df6925da15ef3dcce24f59b40f8ed6cc5b2048f6f4d6434cf680e525c38c2ac,1b0f34fd310ef592546e465aafa922337d34a758f3f7957e4782bc85e657bd62,hsybbyrqdar@example.net,"651 Eichmann Frontage road Apt 92, Melrose, Massachusetts 02176",MRN-1D73E5,Risk activity involvement (finding),INS-790928175,synthea
लता कलिता,8960b6e5eeee605ea0f962726c011ea25eecf010c706b2dcf9acaf55f9bbdd9c,34713fde4b6a3483d827cb128487a69580ce17b9b28717fb32772ecda762981f,fbeb959ebece6db28dca6e751425c61167ae0e724e8f30cc9d7a400a18d257c5,eatbalqwasm@example.org,"151 Sophia Ports Suite 667, Port Matthew, CT 41290",MRN-546688,Chronic Low Back Pain,INS-224447810,faker
Mikayla Watkins,8c31f5352b7ec91526e80afb65dc90f12c2ad0c0206aca2d5d902fe5352149d0,69dabe3050d5b0532ac7588e68fe1068cb80c5fa7ac90c059f4a3830f5fdd0d4,e65e51a31a71fbdd94a45b5b2048625308713a6ece1791cc8719f1738de75a97,maximiliano15@example.org,"63179 Brown Mews Apt. 397, South Nathaniel, NH 94849",MRN-231414,Major Depressive Disorder,INS-789705810,faker
Boris111 Bret7 Kohler843,810e14a089a7e3a40759a2757f4d6ff467ce504a41eea03f9e756eb3c30585ae,abcc6ef951519875e2d4437d62ad9f2fa62b11771b9c86a4b81218f22fcaa20b,8c1e3f69c8a3812724caab10c11aa90115e23a3312234b8c8bb839424af76556,cesarvaldez@example.org,"807 Deckow Underpass Suite 57, Braintree, Massachusetts 02184",MRN-78E75F,Medication review due (situation),INS-223181755,synthea
Ing. Undine Pohl B.Eng.,4d0dc4a1ec27ec67e742d9f13131581921e8fdc9909986c0ae4e70983bf3b551,5f61d31b6df9123a73c85d7b12272c476f4ea589cea747a5bb25930075668921,f12def2f5ce2f6a45f32e6f3681e23bfc51e323b1d6b09f5b41640b90265bd51,lmorrison@example.net,河北省兴城县白云张路C座 259640,MRN-355836,Chronic Kidney Disease,INS-804436922,faker
余秀兰,0e45816700f0d79625902550a2cae4b15e58ec9f9272d9470a516bb5e078e950,ce79c55de273e5f52de7b28089ea5b4106f41cfd572baae3d544ec8e73e18b28,351e03ef603baff1021feb00856b4285716774cc85d15b473562bed0296eee5f,partidaelena@example.com,"Bachmannstr. 1-9, 87495 Wittenberg",MRN-408054,Asthma,INS-605497119,faker
मोहन मुख़र्जीजी,031ad8805412b0682f0260e3c3b12577167cfa3b29b32b0539a1eb7c96626e38,5a9ccbea3a2e8b7c7ccbd0526644d9796c2b1df1ef91331544dfeb9e9d5bfaeb,70892a6136ef7a5952b28aefed7352b77402327160196e5195f2fd41b52a0265,rosalia66@example.com,"Adolfine-Döhn-Ring 59-86, 08031 Rottweil",MRN-290065,Peripheral Neuropathy,INS-507754288,faker
Kristin Kemp,b32c0a786878ee8329e0d29f7c0dee6122747144c204174dd1a7dc7f42c55cca,f623bb29b3389f488c09b9d68cf128f2701913ebea198791b699aeb78a0afbbe,3db55a81847cde6a9eed65430201a3e24de049f3e1ceb9e9230c8b7b5e16e87f,shaahblraam@example.com,"Marie-Theres-Rörricht-Gasse 22, 52478 Wismar",MRN-567122,Type 2 Diabetes Mellitus,INS-586869229,faker
Christi444 Risa429 Gleason633,9fa4fbd7a40ba75289b304a36717053564f102ba259b90be202278218a01ecf7,8e6b6876ae16de77a60685a645d1c950fdfb360338ec6fa01cd9b2c6b36089e1,7ed20e8453c1030b2269d79170ff13785c6d926bc56d229ba2fea2df42c249b7,ramyalbysar-alqeqwr@example.com,"915 Kuhic Bay, Framingham, Massachusetts 01701",MRN-2D8777,Childhood asthma (disorder),INS-820798124,synthea
Vern731 Melvin857 Bode78,176e17c0d60935485fca4dfeb7bb0aed3403c15c32a89bbf209943762114aa08,23a6c86a065863551a4239c695a96f0be2620d3f501fb229c3f85d4b072a2230,32130da175126ba1138ad798bb6e3defe30df9cf0928966b33cdddc7c8dbae87,xiuyingtang@example.org,"1066 Klocko Stravenue Suite 79, Dalton, Massachusetts 00000",MRN-3CED05,Atopic dermatitis (disorder),INS-940857164,synthea
Providencia986 Emard19 Parisian75,563e2abc0104b06b5a03b214a6ad3a50efca8e3b284bb550d0782671122499d8,a8b505c80e4ab08938c2266b1744306f80dba92aaf39911dc44d9a145c0492cd,37391afddd4088b1855de04eb108567268749cf69f82f9ecfae65e4c8b89047a,jacobparsons@example.org,"293 Zboncak Underpass Apt 82, North Adams, Massachusetts 01247",MRN-628D2A,Impacted molars (disorder),INS-747975975,synthea
Mitchell Garcia,c2657bc0691480366e1da984b0eb50382bf1c9ace66cce898a8794acf3cfa6ea,c0ebc500dc367da83e2a90536c5111e9c18a36e9adec8fca9335c3825b9109bb,184e54247d089d4cb27bae485d8cff142eca7976ee1c7907394974a9c574abf2,abhilaassaajhaadv@example.com,"Hörleweg 1, 80262 Lichtenfels",MRN-335113,Psoriasis,INS-173678414,faker
黄秀梅,056b49fac1cdf2ded56cdade829bb4f1eab2e21251227db1d786f8cbe622cc3d,0cfe18a2afd165bf47db890157ef75c3ec3c65366c45951cd187a2736b1801dd,27c3b035394b5f350a57fe623a58989fbf5b517186174010b7e6d5b73f33d27c,yiyang@example.org,"14629 الحسيني Fork, عاملةland, MI 61564",MRN-926596,Major Depressive Disorder,INS-832884547,faker
مطاوع القرجولي,17f7ddde528ad7261026b36bb2b4e7f41053335f905fec3239470c374d815e3e,59fed4a9d4b94c871c4528e572e77b2deab62b2bcaebf19bb0c14700ead0339f,55a1cc967f8c085c4c931101b0ed7bd129f06e849edb450a5bd4020880621524,eduardonavarro@example.org,"76/251 जोशी, मोतिहारी-447443",MRN-990429,Major Depressive Disorder,INS-795752405,faker
Columbus656 Blick895,2779eb31fcc27fcbbbba16f6a6daad79c1e334564bb894b9dc8da68b0e343d7e,dac51a45fde11a17c6e164a8944fe32f9962ed3ff0007a1c1cc883714b32066d,6fe1e83afbaf0c7473966a4d55e5b22a2a8e29fae9026e02c50ad8329fa4edd1,benthinhans-werner@example.net,"546 Kovacek Quay, Plymouth, Massachusetts 02360",MRN-69E77A,Medication review due (situation),INS-930344435,synthea
रामचन्द्र मुख़र्जीजी,620966386e00b8f86c2cf7532c63a2ed1f7b6959b4bcc516977e50298726f2e1,e3477a618ba20c0d5d055e6615d2d890a21305bd7ba2b5007ddcf10c6c22b08b,97554aff9bb56488c7861f43eb3c0f5cea52d7d0fe5e802943cf297d4b5e1de6,valentine24@example.org,海南省霞县翔安霍路g座 130833,MRN-391773,Osteoarthritis,INS-370874491,faker
Karie712 Chara19 Kemmer137,d56203d2ca7b201d4a33cce03e5268de7f6b60d2f97253807e23c2f826edffca,c73a007c1eb2d54adc9b7a705e2dd9a09ed816350154f50328779c50b7fd2c68,c8151a2e458521e99a13ab241733b6209f0dd19998cd85cb31bb39f2039dff1c,alejandro10@example.com,"180 Gottlieb Walk Apt 95, Boston, Massachusetts 02122",MRN-F9327E,Medication review due (situation),INS-692839277,synthea
Graciela Irma Gamez Vela,b8fb9507fcf64d76915c1b35235d95459877ea5d04af08faffa3bbfb996b5385,deb6a3f43125a3c81527e56677da2f53c9fb7afae82492c21900c2adab31c54a,cf535b9dc3666e0c3f28d48bfd78c53f7766b13fdb6d0fbb4c7162fd375fb705,najhalmgrby@example.org,"33395 رزين Crest Apt. 790, Port مَجديstad, RI 41843",MRN-575682,Major Depressive Disorder,INS-269016920,faker
المهندسة ريما الحويطات,01b1ba2c988b8ae28327e86b9c01fd436e37957e10e008e6258d4c3365d1ccc6,19d01dc572a1cfa0f472ec3742310ec7194ccb23cd9ed6e79efa569407d8a9b1,2f092a37e909ba01fb45bc433c5c2ee5b66957f52ba2995f5665317e160f1153,li57@example.net,"Emine-Kitzmann-Weg 7-1, 87368 Koblenz",MRN-297064,Rheumatoid Arthritis,INS-326978821,faker
Orhan Loos-Koch II,c796380d18a47bd50ad3186e5e381758c747bc98f25f24316e4bd38874d3881a,8741a8f8cf4a4dc6b7f5bfd49fbd8b901fffb317a577487b690609a044c1bbaf,877e386407c726336858e64a988901cfc9f0d7f9ba63f3a0569500566cf51320,michael47@example.net,"674 Linda Manors Suite 299, East Jaredfort, VI 69353",MRN-571435,Atrial Fibrillation,INS-251266214,faker
Mrs. Donna White,4c25cda7ea3f343981caa9aa83c423d137eacf41beae11b1394dcf7bc382e45f,21a1dc9ad5be06010ff3e309a6f106df2544cef5127ed1c92aee7d1d7db0a4d0,b2aaeae4b18c2fd50ad6d01b20f34be5ae1e89e2c8c73b419c1098b5bb91c2c1,ysu@example.com,"512 Rice Stream, Port Adam, AK 39608",MRN-934904,Anemia,INS-940348305,faker
Indira Eugenia Cortés,1ba053aa7468e954c8643808e1a1b1f60cd80c7eeddeb6e50c461aab9422e43a,03920175e0265a3e7d069c759317cb8ca7adcc18779ac1334da6fe57b761a60b,d5ccde41ebe3d69a91874905e5c8acf29831016732fe89c40867fd2fe119e068,jamesmichael@example.com,"81/6184 रेड्डी, असम-034131",MRN-329258,Atrial Fibrillation,INS-642621108,faker
Sra. Eva Almanza,7ea953d7817695cc9169c1e8cfa206eadabba0b044f4c18facdeba791dd72570,bba3ce0c9022f7fa363de6d2c4e6eed398b5b8e0794f9b566033e11266cc6333,7830079148003ac1db05125f85cbe2f6baffae77d5ca5a61adc152dc9d876a75,francis60@example.net,"1716 दासगुप्ता, खडगपुर 618579",MRN-400404,Psoriasis,INS-865179645,faker
राजन भट,ec6a9471d2ac76ba925c75970035b88c8ccaee25ac20893f752a4b21d1dc1882,65ca89f3712c9554b1e80426e290d7c0d4b27ba7575c6e97dcaacda4f2e7380e,9dd678bbd8a17e71089b5bb4cece4a10c8626d5712128d2167107f8d0b0a6d31,darynalsyfy@example.org,"Trommlerallee 3967, 57844 Parchim",MRN-465249,Obstructive Sleep Apnea,INS-468365044,faker
هنادي بديرية,c48aff1723075c395d461283d1daa019661135ce3e59d6e868e559e3adcc123f,625e6f74a36a934cbbd763dca3611a7806c07cfd5bc0df5027a80841aa37ec31,ba4d300c2a16b86ae3b100fc198f022669998e040e0cf7c287ddbf176a059f27,xia70@example.org,"60166 Janet Ramp, Jensenport, MA 26472",MRN-352249,Anemia,INS-547286055,faker
Millie392 Bernhard322,7d55b300dd7f221bf33ffd6e392036d021f00b6a33a12712f47eee53c6be105a,4df7b1e26525b92130fcad9fbc92466cebd67ac2993ed84b90d265153cdc55d7,53bb93f09e87ca86da4ddf429ee36fe08c9b24e9da9df5edbcc5c96169473e8c,ebd-alhlym85@example.net,"170 Hermiston Bypass Apt 57, Billerica, Massachusetts 00000",MRN-564606,Medication review due (situation),INS-291117627,synthea
Univ.Prof. Wolfgang Hoffmann,fd95726f286194c89c7aad61efe399400bfae99a0e9663c7c5c89fbf58290cb8,c6d768c0a5be62bc4aa28dfb9b73260a894d71c49b48682fa9edb5d5dd4fc701,a04017adc4f99f99821eb4272adc5e67107ce8876a157b6e7366c8cdbb648e46,mali@example.com,"87431 الفتياني Street Suite 420, عبّودshire, TX 99759",MRN-751517,Chronic Kidney Disease,INS-356135680,faker
भरत मल्होत्राजी,c59b0c21b81caa306464aa34ff4f9fa89c8dc57ce03ccf283b7105a68cc529d2,b13321ba293bf719071a0760a0a2a80b1e83ee3ec0dfed6754a88ffd1d06d75b,c39eb884f9da6b866cb62ec4677aaadb95863f2bb5efaaf881c09b109cce186f,jainprnnv@example.com,"5779 विष्णु डी’कोस्टा, धर्मापुरी-392051",MRN-597440,Non-alcoholic Fatty Liver Disease,INS-264418972,faker
जगन्नाथ दासगुप्ताजी,75c62308919099afded569b040cb601341c9e7f2de7cfa9f1f4e34359dc77538,2f082f8b4ef37d3f4ae9b8343d95d25a7b505fa412b216b24de525e02538bb3f,165f44a890978c22397e88d310097b82b0fd380c085fc36e70968e13c1844d57,ida60@example.com,"Callejón Saavedra 642 Edif. 086 , Depto. 567, San Cecilia los bajos, COAH 43861-2590",MRN-288667,Fibromyalgia,INS-924223452,faker
Kristiane Römer,57d62882d82b295e200b5f17fa86d6e6b7116b01b21b36149f76eb3d71561d76,b459cbf028472d454e0336ad33160d66cb753b811f32ca1ebc3262e83bb807aa,0b303bff1d85504bf23c8e9b5b04ebc3405171fe14aabd0f5053e5bd950b2f07,glara@example.org,"Prolongación Norte Arredondo 673 Edif. 499 , Depto. 601, Vieja Guatemala, SLP 41721-5622",MRN-372028,Osteoarthritis,INS-534434754,faker
Srita. Beatriz Sotelo,94143ffc5a4022a7588bbb1c23bec33880ddc226bcf73faaba5d8b4385c8c311,e53ba8dadea0a6f612e9f15428297493b1c88728d6aade6702a616497eb7ef4c,606d2d228419dce76f846e1e34eda00722c536f5b2e19942d47732aad0afe912,gyan@example.com,江苏省荆门县花溪刘街t座 122096,MRN-699573,Hypothyroidism,INS-350785761,faker
Dra. Reina García,2d46c7f0865dd346d6a1fbc83e71e183fa65d469d458f2145a7fd934d22d10cc,f876d9bd90eb0687d44a438cde305f7792d247935ef70f9e813009988c28338b,ac77f65a6a84690160d2bd92ce6428309021123a5b7e84e5da1356e8dfd83b54,maximilianweinhage@example.org,"Viaducto Bolivia 570 Edif. 433 , Depto. 154, Nueva Azerbaiyán, SIN 62676-5861",MRN-504832,Fibromyalgia,INS-950826208,faker
مُسعف شمر,98fa9db331ae207a48957e413738dea4d45cd09c157ceb42f53896fe8f199542,c9be3d4b03c58f3e5ccf7bda41c1d649d00840784c6042ea90543270525da74d,e637f0c25080bcc66114eebcf0e294e38716988c0d464bf194254f0f10f997ac,gesinementzel@example.com,"9 गोयल, मुंबई-905911",MRN-410401,COPD,INS-598514021,faker
贾玉华,c4ff29c303d8b80cf78d406bef18b2275a7241156c174f446494a82cb8678d21,de8980d706cda63bcbc69f6bd2ee3a615cc84537aaf6a09092eade92d30c7aa4,8042c96796bc6437f629fa30ee69f2725353fd8a49ef3559e5ce703a5cf7b4e4,aleslytqy-aldyn@example.com,"976 مناف Haven, North مُرضيmouth, MN 07064",MRN-210766,Anemia,INS-937029745,faker
पद्म प्रधानजी,1714080842613c2722dca5cb8f4bb87569bfb4649e080c4830641d0b50230332,d4abec25b9efc54d07560d4a6389ac92c7253006c1190ae9c4cd176a75ee0e52,c7d45cea1eeaaed6a6bf0c59638eb864a346ad6dd442d4bdd473bdacd26e497b,cordovaguadalupe@example.com,"Viaducto Narváez 364 Interior 597, Nueva Vietman, CAMP 20781",MRN-168941,Obstructive Sleep Apnea,INS-527521016,faker
Allison818 Hiedi833 Koch169,740ed8db9f42060f8cf4e0d5055b1547423749b7f9229823c72660aeb3dcbcd4,cb4801a3286a9ace070ee07dd37d8c1880ca3d61ff174bbf9a01514f306a2464,d3bac52581f874bb285d856b850980509bf2967e8586a6031e4e6a1d5e891625,yang77@example.net,"266 D'Amore Esplanade, Billerica, Massachusetts 00000",MRN-FF64FA,Fracture of bone (disorder),INS-638843355,synthea
मनीश मजूमदारजी,754313401ba6a2bcd5eb3f4fc1da63818afd1b01105aeaeb6831f7b67dd073b3,a2bfd46a4900a262fb8a4bf5e4f71001909c1fa8b6ca36bc977f00317f9aa01a,3ae292d0fe8723d32a4300bf76a226ebb72af207afeae06d65aa3fcdd63aa29a,nzaralnmry@example.org,"Fiebigallee 4/8, 29420 Heiligenstadt",MRN-441716,Hypothyroidism,INS-400969989,faker
Nicholas Rios,9401ab920186eae6bef5d4ab81d9fb37428acd806cb724ded37a7640fd095d39,5bb2e926a3fc3e0c630608fe0919ea902b49f68291fbafb27ff1c94024f4b968,1c4c6fc3aaa3cf3b66c9bed0d0d86815a7f6c8433e5396960c60fef5673793bb,gonzalo98@example.com,"660 سوميرة Green Apt. 978, مهنّدmouth, PR 70627",MRN-919656,Osteoarthritis,INS-220816186,faker
Matthew Santos,b44df167a7169bac2263bc0624873222863475f4d72db271466e6671ef4fd675,fd55040fbb9f3ae8fd3066d19fd6719aa52f7c809e9b3802a95b26696978fbeb,47ee12b36015146f9d3541a8e971c484d5ab2ac621e7dca333d507b4a9a6a4a4,kayla27@example.com,"777 Michelle Prairie, East Kenneth, MP 51846",MRN-329772,Chronic Kidney Disease,INS-613443905,faker
كارم بلقرن,6549d84baf0f19e85212d359475821e5598d718cdaaabd43cce555c9c722ea0a,e7fac98536e8ee85550583b7917bd190021d573bea90ab5385134db53412231b,b4383e1d96d6d84b647701ffc274fa027869b12624d938603ada9aa03e95e389,martenheuser@example.org,"36/5271 आचार्य, अलांग-397240",MRN-535820,Non-alcoholic Fatty Liver Disease,INS-576582183,faker
आदरसूचक प्रेमा डी’सोउज़ा,24ec50353c6d7332108ad8b305fc9a3b862325f128a55904ef814440cd4f0519,5a90edd3848790a89291c1b3a4f351b69009e47088ec8cdf6408fa32b1fad5a9,97f6657488783218f10b06da189209aabec1233f01e692738bab5752c287411b,ymitschke@example.com,"7859 हरीश मालिक, फतेहपुर 939284",MRN-499152,Rheumatoid Arthritis,INS-673002461,faker
Adalberto Ángel Garibay,a7afed1870c4d848969863e0cbf17aac018d26424a7c68b3df5e39fda2c7e0ce,7f046356266262dfe04a142f9d5fc5d71687cc3fad3ea55e7c3f2b70c0c9a001,5a08d234eee2f0e2f50597a38796ecc9af2d7f90632a9daf83619df753da3f58,heidelinde19@example.net,上海市拉萨县城北李路k座 367066,MRN-355570,Rheumatoid Arthritis,INS-691916368,faker
Gerri75 Cruickshank494 McCullough561,79cb4640f1f3b4e1a74f876907a37d831cee3d291d3baf9041e5abe9d298384e,93a8f781076c73443d1bcdffddd7a638649f4847be09eb73e3b70e8f5d0b43e0,9cc603393ff9653c2be763d99dd7f8209cec4819eb5be08055bf274bfe86e775,jennifer73@example.com,"659 Satterfield Course Apt 72, Wellesley, Massachusetts 02481",MRN-061A53,Received higher education (finding),INS-492794766,synthea
Jordan900 Volkman526,3690ded821d23f4f9201b775b88d951ee78318697c488390c665a2f9d27e32c7,55922d16e5989ff1457b1b6fc553b7c92306605b6e17f64a65db035fe804902a,c26e072d4e2b7495ee781203b6d8443528eaddf1480324e9a2fbc5bce3e2069f,calqtb@example.com,"634 Haag Haven Apt 95, Tewksbury, Massachusetts 00000",MRN-E33177,Educated to high school level (finding),INS-653850668,synthea
Emily Crawford,939236cf2f63d0c5df9fcf52ec299630e9a9f7746716d5de53bfcd64312f8116,f18fa5a2ccfda2f91cad5b0c3e0aa90162276b20819030c4bcacd04fbaf62549,bbc78b1aa0d95ce30e69eee3274a9caa510a0df07f5abdda177488a001aa3adc,indira55@example.com,黑龙江省勇市南长廖街N座 531196,MRN-396439,Asthma,INS-942629710,faker
Evelia928 Johnston597 Bruen238,17ceb5513b48da0813fcd78763d1d0c4ddec0e14a00c2686d706a61a6383d97c,7f8a9956b78eb53559fb1da013fcae36ab4e7eb6bcb0f3c7dfce9699659b2148,be41159b6d9e72cdcb42866e2ae72f80cb6417cc92a59c735350b4d9543dd859,tao68@example.org,"793 Witting View, Boston, Massachusetts 02115",MRN-C15CAC,Risk activity involvement (finding),INS-823377624,synthea
Robin Hernandez,683418cede939ce18d5090512e89aa624547d328c42e3cbf52a763a52dea14b0,833b409d2d8c5d1199fddb86aa43ef101203ea2f113d897af5810f2f740f8ec8,46ae206db9a92d3ddd74775d46a7c5b701ba8bfd44ec31041223a04f1991cd5c,nswhbnw-dmrp@example.com,"Kemal-Dörschner-Platz 0, 82066 Rastatt",MRN-403387,Anemia,INS-387057426,faker
Mary Kelly,66db7da85920744be225ffa99235dc0af75b0c33d69a903c152103c2b7a581bc,614acfa75db9d9612e6702e6818d1c52ccbbe153eddfb56c8595c7e27253f487,339a2957385da6a7df7f396d3c4d94d6ac370cd08ff76714067b8c601897a1e2,vpttel@example.com,"88899 Sean Lock Suite 982, Whitneyfort, CT 39223",MRN-601968,Rheumatoid Arthritis,INS-465830215,faker
وفاء الأزد,20edea9087b286c63fef9337021a2ecf5cbde7190854cc5ef5e61b374b03f741,c54f8381de7847d80c44a4597beb4cabc8bb4c02a68fc139647dcf2f206aab59,43881873b19b44a721036a5d0897b7b123ec2bb01fd47eb24a93da56363884d1,mnyjuussaaagrvaal@example.com,"01/0393 कुंती छेत्री, भद्रक-252500",MRN-461888,Major Depressive Disorder,INS-692616814,faker
Ing. Petar Stiffel,893022801f4b7c567e47e2d04923ed06eea27581e89dd707728a318b458103fc,d6b4eca5ef353d1cd6982cab778110a8e931ba389f388433360aabb331f662ae,368ace1e9c734cf84cc161e70959a3012c192e4cd4fcb0ccba29b305f755475d,yyafe@example.org,"Cerrada Sur Ruiz 998 Interior 011, Nueva Alemania, CAMP 15532-3415",MRN-985331,Rheumatoid Arthritis,INS-456452891,faker
Joesph309 Mitchel812 Auer97,6286c9841c96888f0db9ae6594bd49a3a5809d6042266f45fbd44ac8ef5fc0fd,d350555eb8f7f0618bf7a090a37ed992837869705c104a100d4fdb26a9cf75a3,9c42cdc69b3fcf2c6c6729ca2f5bfed6d8a5266a2680badff1eead5ff6ab48b4,laiyan@example.com,"893 Durgan Approach, Methuen, Massachusetts 01844",MRN-215DD7,Adolescent idiopathic scoliosis (disorder),INS-838483906,synthea
Ines699 Fisher429 Rau926,3cd4ba9b2d69bf9940de1f2828c9e64f6696eb48ad26780c4501027bc8ecba04,7f8a9956b78eb53559fb1da013fcae36ab4e7eb6bcb0f3c7dfce9699659b2148,986308b5e80aa600ccfbb059b4a06ccb7ccafd297c230617c463eb10fd8e1bac,dongjun@example.net,"460 Cronin Gateway Unit 47, Boston, Massachusetts 02118",MRN-A0B51A,Loss of teeth (disorder),INS-372491666,synthea
Angelo118 Wunsch504,c8bd5cb4087b12fac009839c5f8ac09f0239e733bb69cb0d812a1947e6b95fa6,d2d27e31748c3350b76f71643a6862cc02bc34d3acd714dda2ddd334545415a3,0b4bfe606cb2f44d2857de149c5f4b96a6a1329965f647956d53b0c36e44d60b,farrellchristine@example.org,"573 Wolff Trafficway, Lawrence, Massachusetts 01843",MRN-DE8F1A,Educated to high school level (finding),INS-792213989,synthea
संमानित रावण जेटली,7f48698b456a25646cdc5dd456cd14d8b68f1edac6a20b28a9c9018f5be1abf8,878826b5b71c559e64e56902f892e872700bbeb0f87c598752311a1b4b6be6d1,5cde37332efda4eb1715c3f9396d791e2b00d37076ceed34a72f7d3ecfb1ed05,lana91@example.org,"617 Cynthia Parkway, Lake Kellychester, IL 29714",MRN-829386,Major Depressive Disorder,INS-977364141,faker
نصوح أولاد زيان,99bd6eff328d60566217dd61ab69f30166ab62158806c97a338cc042d544401c,719fab5bddc6b5e3f86954d5b0d034e93d69666a7822ccdc028f2a06ac0e1f55,fcad3c5d1d9c17be3945bc918137e33b99edbc7892d5df4b04abab713da047b7,avarela@example.com,"091 राजीव आहूजा, अहमदनगर 848666",MRN-783157,Rheumatoid Arthritis,INS-398668350,faker
陈萍,de8afbf0ecb744115c7350f7cab38906ad6df9a2dc2b344df09f339c807aacb9,3bdc0e197b6e79f0767bed5a32a65b2e666d544d8e4af09d8ce99bad4bc758df,15ec2f8590a3212cfef0bd921e19ad32e61c29893f4aca5d9940c45b7fb3a66f,bernardo20@example.org,"47491 Lopez Overpass Suite 541, Lake Alexanderside, WI 17580",MRN-747351,Coronary Artery Disease,INS-973744799,faker
Sharen57 Sanford861 Bode78,41bebfab16e5114b739903fcdebde67f30baa5727a810b9e7da8861fe94a92ae,6d73704fcc2bd569c26f7287b76f0121219832478750610034d9b13c1ab72257,7ee9e781da618ba9fa5291f4c409dc4c5ec83edec6d4938022bb2db3e1b34cd1,striebitzgero@example.org,"1043 Wyman Green Apt 81, Tyngsborough, Massachusetts 00000",MRN-619254,Medication review due (situation),INS-479167941,synthea
Theodore Jones Jr.,a6f587a780fed5430911e6e442f1b0ade87b9ff56b686b6e68f5058f7c7a8b8e,b79653ea2192e842eafafa7dab64b3173c8af23d939b595a01d3b174e562f660,cb1dfd530344c7cdaec4476c783dfdd8b2a20334d6589e697f1e1a4a6180b295,joshuaschultz@example.net,"8961 حلا Run Apt. 673, بني هاجرmouth, MO 55025",MRN-137778,Generalized Anxiety Disorder,INS-725464884,faker
Regan713 D'Amore443,e1856b2f6b40b3e847716f2b2b3519c09b69c53aae0388d4169996f34c7981ec,29376067d532d593cfb9017287e675b324ebf9c5498b4317edb6ffdb7af3adbf,8372f6460b3006da40be7c7f080abc0e5be743825fc948a8adbe9c13df39c680,bkylyqyn@example.org,"172 Schimmel Skyway, New Bedford, Massachusetts 02744",MRN-CB0CAC,Medication review due (situation),INS-805324063,synthea
Silja Dussen van,cee8e0aeeba9d860f0335f77da4bd725aab36bc21fea9da2ee23e503f72868d2,5d08dafa44ee29bc4e346f297eb0ebe78c5fc0aaf2651ed919de109e784ceb5f,5705df116f204d263cb96f1ef0d1e7059c167fd72d39a417801921d3794f63d5,lwra90@example.org,山西省齐齐哈尔县璧山刘街z座 288317,MRN-779172,Chronic Kidney Disease,INS-635126623,faker
Sarina640 Gloria696 Kreiger457,bf09018da5bbfb1b5476d689a116732bdc12ca355e242e366b62800f903f4d4d,6231c3425f4bdd27c6a8989a03dbaf5e547c1dee6ce58747d48d56e1e1d86f3e,9dc51ff4f18b355c178d86ee4a3944b0ea8487e62210456a59e365430559918c,irodrigues@example.net,"863 Kreiger Crossroad, Boston, Massachusetts 02108",MRN-05C8DE,Received higher education (finding),INS-930655747,synthea
लीला सेनगुप्ताजी,7c548becd54bf11a88c3a2755fdef17df6836da3f81102a48f3181e02bd38461,b527e5c56fb9593e398c7eea15c65b6f8dee3725510ccf1b73be9409f8bb8c1d,82c40356728fe9804d777e641f29ea559486c988b91d25ac4d4d66d25c69993e,longandrea@example.com,"Eje vial Brito 973 Interior 103, Vieja Benin, YUC 46774",MRN-529893,Psoriasis,INS-265744099,faker
باهرة الدسوقي,7daf8ff643113526cad0f1acbfeb5e673f60f41099e8f9ce5def19419583e0d6,c19088986afbd3b451162c0f71f7a080e89df562af06ca6387f6c8aaa5018fb0,b8eb975c0c835ac0ef42c9bb59e77458080b88364bbf7c69edce474d41cd8403,gregoryjohnson@example.org,"Centa-Segebahn-Straße 58-19, 39103 Bitterfeld",MRN-561124,Hyperlipidemia,INS-603500181,faker
Susann104 Teresa94 Graham902,3e8d48c1e3a92d465088aff0f7db2fa63c24937514b334b2f64ed3ad5d5e1e39,61b1c758dec1abeec0832c658ad75343f2c9aa5655de3a8e3e1c89c245ff4e56,23ab213317ad1c722dd903d4902eebdce47e6adc16b04edf3d708f676e269af3,ecooper@example.com,"397 Gerlach Promenade, New Bedford, Massachusetts 02744",MRN-628257,Medication review due (situation),INS-664138658,synthea
Sr. Augusto Almaraz,343999a2d542fe4d80111dd831f5aa772b405b8b88518fd2e15892bb82bc028d,b1bf8ac9d0d10aeef154c936dbfe6f8b65fcc7e49aa214969a2b6f709c2cc55f,390b463e3d133a2eaa45dd69287a10a8cf3edaafc3ac8398d8b886ce714cb6a2,lpvaar@example.org,"256 Patricia Radial Suite 278, South Michaeltown, TN 31811",MRN-437758,Peripheral Neuropathy,INS-259272239,faker
आदरवाचक कुमारी चोपरा,bb0ad29c4bd0698617d152f121653d483f9b782f6aff5aa2126d8fca4e5ee15a,af6bcc8e6fa0dad4bc02704677e11821993687c758c311b45b43b5b7b2865c71,d50fce5970010f6191d5fd715f123a3020801c938c2c1004d677f5b13d19e812,phyllis16@example.org,"Unit 7687 Box 2904, DPO AA 62037",MRN-549865,Gastroesophageal Reflux Disease,INS-511582876,faker
Ing. Dulce Montero,97904b72aa74ada1256a6ff71513354ee0723346121b83858e5bc460aa5bf2b8,89b31105e8c84719e5d5c21903e5a89759b7851cdd95815e8eac59d1db25ff22,83b9324ae08878a591f3c64aad209954e0d73b2335dac3b23d176fa51c48f546,jefrfhd@example.org,香港特别行政区汕尾县朝阳黄路h座 376528,MRN-101139,Congestive Heart Failure,INS-611967311,faker
Brittany Roberts,2675e459e7886c706e26f2dd9f6736d4262bad5ec19cc8defb80a73e84035e74,e9406dd77884aeb383192f202121aa58174739686257cd635b0a3c5db5dcf075,f8fc9649acc8c77a46984b1cf8e7b87f6d7e931e0813282f4638f2dfab68b077,scin42@example.net,"422 ابتهاج Highway Suite 430, New عذب, FL 77077",MRN-995296,Anemia,INS-937336224,faker
राम मित्राजी,191755b00ad3d9883d45889f65de2410ced8f1bdd09fe344d6c1dfbd00a30bce,fb8cac71c1098b2365f81534709c4e17d0e42024f2e772bf98ae2b9739ff7991,d71ea99e9f6f34015e5e64244ca6f337c9774011f6a7db6841facccc6d8e16eb,xtan@example.net,"525 ريف Branch, North مؤنسville, NC 14120",MRN-862120,Generalized Anxiety Disorder,INS-760191749,faker
Stanislaw Hauffer,50365a942941ee2d47632d0476f9040c0e0d9c1f967094495fda8f3c1ad28f05,b1ff5dd72807338c03fcba7e38dca5a41208561a2a9d295d50cf70db02b312e9,4fc8f489b7d4ad8b1a3189bdaaceef918b0bd11d0c08508e91601fff65b3e4f3,vrmaashkti@example.com,"73/794 सिन्हा, देवगढ़-785324",MRN-192295,Gastroesophageal Reflux Disease,INS-580035742,faker
पूर्णिमा त्रिवेदीजी,aafe9a84bf4fdbb6b892e2fa0a74a4441695c3a55ae39b3fc5e946544caee9cc,7cd6dfc615158fa86c3ee92f426232714631178cac8462ee004d0d256d5404ab,de10b6cd8494a02a0633b52b62c4c5ed9e69e0cfd00a57eda5bcd8c0e9114690,reinhardtreginald@example.org,"Schwitalring 22, 09702 Berlin",MRN-301255,Peripheral Neuropathy,INS-665277813,faker
Pamela Asunción Melgar,4609eed68481c0e34d3a2acf04ad4454cffad14cf26e6696d7a35bc0878565c7,52ed66215a0d7731c3db6a33b67f69863ef85d7266d35963a9ede27ceb9ba2b7,78883e9a519ce963002e6c7d88ee08d52d31a1896a7fff353e4a9661b82c99d5,nicolas47@example.net,安徽省玉华市大兴万路l座 993143,MRN-609253,Peripheral Neuropathy,INS-574641329,faker
Jacklyn830 Diane211 Abbott774,6ee125a32dfb16c8c555330eabe0b8e60ddaacc675ff40d0582958ee4f810753,b1e6ebae314b8ce84fb3d3d347cc764218c657939b45710f3195de1d6d55b1e0,5db21e8db239cc8569bd6078a618c973513bebc8d6ec0b78a539840ad84f1b92,timothywilliams@example.org,"504 Hahn Burg Apt 66, Northbridge, Massachusetts 00000",MRN-3E492B,Perennial allergic rhinitis (disorder),INS-142817871,synthea
Travis Wise,5d8ad21bff863f1caed537363fd85b6d38b2fdacab625f937ddd77f8240f0a0e,e585f1702336b03b0c4e7a01de592eb23c601958fa5fc646c9bd17310f90a992,dd06cd8306b9c39512877500bde6af5ced143bff8bf4c181e869f9c9fd373b26,oshuklaa@example.org,"Henschelallee 5-8, 02767 Forchheim",MRN-245095,Chronic Kidney Disease,INS-348315126,faker
颜柳,41b77123b0a4e6f69913900f41a55369f407f0c42e1da817bff9a74ccd1eaf38,03c599af09c47c833d4e5fcc03990621f276bb2a4d6405487546da6f94f1d0b5,8a5dafb297974f808bea51cb1c2741ff5c866a6cf5cb3784fc1c1a884ad4e77c,bhrdvaajsushiil@example.org,上海市南昌县璧山海门街y座 913989,MRN-507247,COPD,INS-293075824,faker
Roger Holt,0575992f16dc5998734127dec8d09d6152fae4817423d27d02d4971b41bfc6ce,3c9ced952cacf370cc14081b5b6785bcdb6e25dc4cede78a5775c77aa930ee7f,2bdb85f7e363bfca2b3e4b2b0ca42b94580cb8cd2ddd6620745cd2f9ab2a20b9,anabelloera@example.net,"289 ताम्बे, लखनऊ-251225",MRN-908903,Hypertension,INS-459715348,faker
आदरवाचक चण्डा तमांग,12f2891fde7b571cade8b11e3413f028a5b22335d3976a1f01592c26ec9dbee2,39777ccde4618f8e3cf040c1dada726609d9ed6bc7a9ac513c689dbba500be1f,4f9ffa884f1bab3c6d22237dee947fd870fd6505b469148f1c65a541a555a50b,guiying82@example.org,"Callejón Norte León 312 Edif. 710 , Depto. 267, San Helena de la Montaña, BC 79927-0795",MRN-219562,Asthma,INS-915313588,faker
Rosalia943 Urbina137 Cano735,9e725e9b4ebca8f08b90ac96e83f91d08f9a0421946e714d9f49f3b2ba608085,61380fe3ac3784fcc3bce54738a5de0240970659afee2359507a01d224f4986c,6c97cca88839494076b92418031705ea61d40e52da747889b5038342805473dc,holstensuekrue@example.net,"1030 O'Reilly Alley Apt 28, Boston, Massachusetts 02115",MRN-AD809C,Received higher education (finding),INS-959166755,synthea
Manuela Schacht,0d19ef3d823cdf455dcb2f0e05e6c6d93ca62057389d6da6245c576ab4e2a539,b036300f27cbafa9119677653ee5b68b70eea7d2cc1b9444b0a5da67f146d26c,4ba6c1b8cd79cf54bf5b83efe7cdef2c57d665c220590d9a4848aee90033b32e,cruzariel@example.org,"Schusterweg 70/46, 70502 Schleiz",MRN-898329,COPD,INS-209770151,faker
Bernardine460 Lehner980 Wilkinson796,0ca3ee5c6a1693cffca870afcfcf2265a9da1af7c107ad13ce4c61e9bfee99c2,f15d072c32e57b17a5c675f2c49ab43c219e8e35bf1425daa3e6df3f0e124551,e693edd5fc30cf63b310747f8a0f845818992ad9c137484a5dafdae6598bef36,thqtz@example.net,"384 Jacobs Rest, Whitman, Massachusetts 00000",MRN-6C1A61,Received higher education (finding),INS-890040374,synthea
الدكتورة ميرال العوالق,26c045d83ce52da68d957a0343e073f4b9e32f97a35e94037311deb232b711db,9843b4a2d44009189be9d9343b8068fa53efc06d1cea49acafe6af9adee45901,be531bfb57279cf4a2917548953abc37b2f89895955cf2437528c782e98ad67a,iguptaa@example.org,"Prolongación Sur Zedillo 755 719, Vieja Liechtenstein, PUE 31027-8681",MRN-587115,Type 2 Diabetes Mellitus,INS-698509918,faker
الدكتور خلوصي القلموني,0c899d8dcde8eede8823a30e9f57317d91cc5adc22697c17eec16afa044279b8,952e13a44afb05406f14bb5a4e111076dff6ad6283ab432168770159084bfe2e,4d3ada692435613b206e02848f039f7f508219d1e5f00f5d467c25345c1cb6aa,mqdad36@example.com,"569 Abigail Mission Suite 038, Terrellton, OH 51278",MRN-809217,Chronic Low Back Pain,INS-355046107,faker
جوليا قبيلة هذيل البقوم,5459ce29632a64a4c34d11d8eb0a93a454e2d1273a07441bba9dc8ad25e7f5dc,6fceee81e322d130338f634320731a0bec81f22b8b7d3f5865e01bcb20501995,95d4c8166c3985c34d5d8d5cc2531abab0446463aa9cf075102f342e26974e33,frj10@example.org,"739 بنو الأحمر بن الحارث Cove, نهدshire, MS 80012",MRN-785315,Hypertension,INS-151791998,faker
Univ.Prof. Ibrahim Seidel MBA.,abd03ece7be9f1707c9996e3facaf195dbeeaf731c9ab578cce87d784bf27ad9,8e1c3cdfc57fed5fec10c4ae0b863fbab1f57d58390f7981b3163777e5ac4ab1,a5d8f1418ad96c313ffa37cd28d91fa1db6a7fa87ac5dc69d451576082536f79,jeffrey34@example.net,"68/55 दास, अनन्तपुर-135182",MRN-324643,Chronic Migraine,INS-242068763,faker
Humberto Murillo Marroquín,d81abf774480ee5a04268cc36f193d5e07fa1023791a2e57e0b00734a91f4436,33c2434d1a75340fb75fcf37267e4e947b23bccc6ee4c16d1e621e091f6e6cef,13e288e001867d42467ae8ba4bd4c4a91df885de46e50cba4f964ca51e7b7ecd,smithdevon@example.net,"Retorno Norte Cabán 521 Interior 667, San Carmen los altos, YUC 21202-1697",MRN-809176,Chronic Low Back Pain,INS-824138175,faker
Dolores502 Antonia30 Saiz247,82d4a86575c4a7905fdc7420794698ea76f0c0980fe9394d40c398edb7b2604f,8a482e33063780960f783d4411b6c113cd246c757722ba0f8eebe013d6cd77a4,17926afc39e06d31511d28cd2058125842a439be62a1e978d1af7e0d80cfb033,ebd-alrhmn09@example.com,"558 Effertz Trace, Springfield, Massachusetts 01020",MRN-8E2CEF,Medication review due (situation),INS-692353117,synthea
ياسر حجازي,25105c25da1da55e29798cd1fc0d6ed06834543585a508d5bfdeaf2b1afa79bd,5067712240ea817fa8da4bd89c520aacb4c8f846392b4f84eb2a1f2330104922,c548a3111ff9b63152d8c57365ce2f20cc74443d33c6dd23ec55562bef183156,na68@example.net,"3467 كبير Junction, القاعيmouth, PW 17229",MRN-867460,Gastroesophageal Reflux Disease,INS-976198296,faker
Gabriele Hentschel MBA.,543dce6a4e23f5dfac4d174ad5e3857b173181e53a07009677931ff7ddf271fe,446c24f1091cbff53b7b7769836f5d1ab49cebe6d5a623c1e39ddab61d7ef01d,4af673928f79adb4fd745fb40fbbe6f3c924816721e332abb32870e780db5666,gertrude15@example.net,"Schinkestraße 9044, 60854 Lörrach",MRN-282664,Non-alcoholic Fatty Liver Disease,INS-703418543,faker
السيدة رواء همدان,03382f7a121d8121c281ecaf78572576cea97ecf5c78b711f1b7eb026c4a6338,5de6c95e526bf889940e0411ab647654cb948a39798ae96197eec9c9f7723a66,ad4034f81679f046f954f733f5cc647784843869830e320a460bf9d68346ffd5,mauro75@example.com,"2928 White Extensions Apt. 231, West Autumnmouth, KS 48954",MRN-943776,Fibromyalgia,INS-536038528,faker
Frau Janett Baum,96aa2ec1b6d40fed630bc99348fccd26e604eb2eee63ce68574074e7d2c4b5fc,fca9282e2ab908b0e118d622ca752a2834fc2627f015091386081c55c74a75bf,1c606ab63620b0845fa5a698c986aa2ac7213646405cdcd0d3be75f20aec0b21,angela91@example.org,"71/832 सुब्रमण्यम, मोकोकचुंग 868700",MRN-331780,Osteoarthritis,INS-422660441,faker
Jorge Portillo Zambrano,084d4e39c368fb39405a8e48a0aa733a32d9e825c5c76c0fc8cde5103ebb2e0b,176142d87388297c6877689e391fc40f3f6eb50547c8e0e1e03e5013c8ab660f,46a5b0cf7de765df716922a3a03753df2e675254f3786482edba086afc8d3b4d,shoffmann@example.com,"282 Juan Crescent, Virginiabury, TN 56751",MRN-938338,Chronic Migraine,INS-300746596,faker
Karl-Heinrich Rogner,25205f9a01787d0417a4972e953d86288bdfffb0e6e9dd3027530d5fc4839a11,740e39e49fe0b48d3e61d6883080b424353d3ba6674626555a14a9a81c972b89,c66e6636b7301d0508a986f592c0ac31743e18e93c136e40ad9a2435f4782333,kmlaa83@example.net,"0375 جرهم Stravenue Suite 113, West فدائيport, OH 68918",MRN-766269,Rheumatoid Arthritis,INS-852775879,faker
Concepción Matías Rosario,146876d0d5ad4b84afb37e45df8deb362cf5774158d218376c5dc4d1de4c50af,86719cec21f6af2d6b652ef8b0888d1d82418442c6e410791f1b7bfe97d82f48,8a21d828df1888ab83ac301512b3085c881e7241475f2b1513487e8638478139,oreyes@example.net,"Retorno Castellanos 363 Interior 910, Vieja Omán, NL 26303",MRN-558320,Atrial Fibrillation,INS-181623972,faker
Brunilda665 Malinda718 Weber641,7fcba71ae3d0563b1e96e691e659310df2b6009c052a095d7b80e08fcf9fdcb7,b20b0f16dab3f44643543d75f6e85e9562965035971f3b4770ac99efd89bab06,3a70c6091e34c08f00506bb1a805bf36804646e7dc6305bfc98ac1483fc5c2eb,solorzanojeronimo@example.net,"336 Marks Rest, Huntington, Massachusetts 01050",MRN-C3D140,Acute viral pharyngitis (disorder),INS-142885885,synthea
Jennifer Ramirez,69c2f86be650a5a78049d682f9111ffa601bffdb9f068bba01e2120c1cfe2ecd,849b30c2dc6be3298a77b712763600be5c917d892e696c6b07a9921206467de8,493e29aff4dda90e474b8a0eda1d5d6422eeaecfe67f3be0bd6debeebebf96b3,izheng@example.com,"94019 Reed Turnpike Suite 698, South Rachelborough, KS 06318",MRN-680099,Hypertension,INS-830448745,faker
Khadijah960 Etsuko685 Bergnaum523,f75fb9709a09dbcc43b4b9d28c48d117cacf0c43ccf717c6e190ade0e4fdae21,61b1c758dec1abeec0832c658ad75343f2c9aa5655de3a8e3e1c89c245ff4e56,8b7aa06ae9d01db239a4f4ad013ee4eb1b84ac61db3b960a28c1b61d4847d86a,gbaehr@example.com,"279 Zemlak Mews Suite 99, New Bedford, Massachusetts 02740",MRN-AC8B81,Medication review due (situation),INS-652235149,synthea
Pearlene638 Wan724 Casper496,4e54e447f0b2770b8c3de9596b3d4ff5d535e1efe1b4efbd8335893796696da0,1cebbf6f44ccabb27fa8ffe9c9ad0543cf489c8d6e03a225c40bed0c0090758b,c63641b9cc7fb111d886f87fcad10a74ee8f96f2e2a0b35b8905d2f48c4a35be,lopezolga@example.com,"987 Breitenberg Underpass Unit 94, Lanesborough, Massachusetts 00000",MRN-475EAE,Received higher education (finding),INS-356899846,synthea
प्रभाकर खान,c9ed0f0f2f8369dc12a35200509aac6e63a84108bbd9301d999a56f8a31c58df,7cb69ba2d2835a42c1a99685f70677f3865d69cc80e33d6de810a450b0755bdb,0479213c813e21eb17fcf3454022b01c5011911f8cbd1b55e577511b8c233ad9,jesusmendoza@example.com,"76095 Wright Mountains, West Marissa, GU 44225",MRN-602681,Congestive Heart Failure,INS-457517705,faker
Srita. Araceli Benítez,8d6f97e8647ab0a538f054841ccf56a7f8e10b25273d5f331cebf16ccab57b13,3a58f9a93ef1c189ead37b0e89ae840bb49bdcb9571358cc3e785314d6ec9750,686cabb9ac145a1ebe4feb5bf48c68e7c809d74449495d9543c06a47050a40e4,btla12@example.net,"Unit 7519 Box 1023, DPO AP 11138",MRN-909652,Rheumatoid Arthritis,INS-591116494,faker
आदरवाचक ज्योत्स्ना भट्टाचार्य,ad4177980fdd3842dfab59b8b84315672eba43a5aef5207bc88f7e2981f9b7a5,858fb8ceec930493826dad518702b472714a7d40f75e6130c371d5f5d6ed8fd2,11d6f53e9896fd5f609c2332fe39c4d3bf0d5918de78f4b23b0c3224b034a654,ezou@example.net,"16/202 कुमार अहलूवालिया, मुंबई 067287",MRN-534130,Gastroesophageal Reflux Disease,INS-506639535,faker
ऐश्वर्या जैन,dd0ab9bc1519f3201b28ecdcb01d99335ef24b5554cd861bd64686851adab057,d1abd9bea5deff2f3d09f950bff994be522d58186ed0cb58867655956e34cc53,bed51d5aee5714a25f210b8728bf5ed591eece36a1673ade261daaeb66df7529,mauricio76@example.com,宁夏回族自治区六盘水县高坪张路a座 331340,MRN-295440,Psoriasis,INS-805778992,faker
朱英,3fbf09b575abd9e2e4b276cfa6adb39c61a1bcc1902de5c006fdb5f1fbddcc7b,96bd1e82abdc09e4d714308bb66ab0e9af746af85598b159508b5b49405827f0,83582ab3542df44b9f26e131f0a658c259155a5a563cb82ad7e08189e379fa64,duanjing@example.net,"3 मालिक, चिपलुन 120750",MRN-926952,Peripheral Neuropathy,INS-103044648,faker
Anthony Schmidtke,209432dcfdbaf2d657ff1d762e97c40a25303b3543c35be6317ac7eb0b538aef,7130ed86609ee95929b2d35302bf2f8e4a30dc07a6192ba586ebcfb0a36cb520,ef1e73f539d4ed3f9461216ba047d6f80a46efd138d5a529f8ad0f67b02e011b,alexandernicholas@example.net,"PSC 5176, Box 2983, APO AE 33596",MRN-834764,Chronic Low Back Pain,INS-450309958,faker
الآنسة ميلاء مراد,772ea1d7ccebc49a4c42a33040290822572f0cf555e5a0c8f4c7d803ac140fd0,f847e4dfcb697134cab3224e4486c8216205325e188172f662b74fbfae1fcb1a,9eaf5284671609aa2b2d263151cdbeb6772372eea23db1f76dfc5078d0238e8c,qdeng@example.com,"8/4 घोष, धारवाड-823662",MRN-216970,Obstructive Sleep Apnea,INS-566825638,faker
فداء هوازن,2d5066263cfdf25880b3cb85ce17c1c67ef55220ea534218f22d085bd96ffab9,d53597dbb389522f63d9ba425be96309988d4f8852a932c8e5becf3bb1f81b4a,5406c38a27925759ee4558f98a38609cf47eabe99bc15c748aaa81b106c7d1f2,matthewedwards@example.net,陕西省玉县合川张街U座 241326,MRN-403507,Major Depressive Disorder,INS-228832213,faker
钟雷,bba16a5075e9d8043fdb712bffb25b0665fcfe9967bc123d5f7643115c43075f,a245236142becd207a7670e0c75f20e5af8960372a62d8fdd81e066438166283,d3a406b1ab39bcfffd6366ca375de262206d1a9958cb947f69b611755ae3789a,zjefr@example.org,台湾省合山市怀柔长沙路X座 637239,MRN-551524,Peripheral Neuropathy,INS-982982227,faker
सम्मानात्मक मानदीप शर्मा,82465d974a999bcc6667edc92c3623d6bac61e0003960b843bf92b2fac47fd8d,fff1fc1f8a9ea97df0f7e51db47309158831feb4da11fdfd95ec4f9627b9d8ae,07044e8b410b2018b1e35c4e5ca2d4e9556cfa45587aaf604d5614ec5f638ea5,morgan57@example.org,"567 विजया दुत्ता, असम-898027",MRN-722651,Peripheral Neuropathy,INS-309968304,faker
Bernabé Alemán,f5eb631d945c665c1d8b85807f4c912b12e4d6f051c1f5d14a60630603751f7b,31bebf53b016127266edb03944dff2b5825045e796c1a3749d02f08993685618,2e0ece4ea2725de8a913f0376bb138b3fa179fe44521d0540e8fe95331dd85ba,lori13@example.org,"68155 بلماء Fords, شرفville, IN 28521",MRN-413814,Coronary Artery Disease,INS-705545509,faker
Cyrus914 Vicente970 Dare640,aae54c70448ee268f2a6f85ce7b95c1f388ba092b0f02abd4f1b9095b6077677,ad08c6eb0c5b5e1a43eff3cee88a4ab60fe6dd826c045fee6d4046cde529aaeb,b7cb36349afd350c5e8b61bafdf2db1bf8b6c99ce547bd7a9b761025f7f6c229,frahbw-mdyn@example.net,"135 Beier Loaf, Cambridge, Massachusetts 02138",MRN-4F342D,Received higher education (finding),INS-746414349,synthea
许婷,c50ad02872969bafdbf599ad90c4dfd2386c3063ddf61911c10c34b8347c6c7a,de5d78c00e22931f323ab3c2f62b694f771673e5d1faab8c394e5cf1366e18b0,9320e1e27a4c5f9b4cb25ec4ffd07e225e7dd51cb796e7e5b86aaf36949d8db0,blopez@example.org,"PSC 7520, Box 7167, APO AP 86818",MRN-256175,Peripheral Neuropathy,INS-653520069,faker
Wayne Johnson,0766fd6e6f3faafcc20afb76866e3a183719049253cf998e201f7133a7e65dc8,65d653ca123847780a96e09469a5fa59f4df65f0e3ca3531b9b254b87220dbd2,6d06204cc0f98d3255df8b1b92efc421f67d630ba800f13655667b269496569c,yansong@example.net,"73564 Bolton Mountain, West Christopherberg, AR 35432",MRN-192410,Osteoarthritis,INS-213669678,faker
अमृता भरद्वाजजी,b0c1cb8666d041c3f9d39a8501b41f8145217e4bfaaa9163446724343b3b9af5,cea647d0c71a9a57f1eb74b2d7e075ff014d8e5482a05f3e9e7a32eb7cc90ba7,b4f8ff3ff21cdf880cc0e8848876f1330caddf77dfde2fdb6b202609fb4b1bb8,yuantao@example.com,"1/2 गुरुंग, मोतिहारी 137506",MRN-540869,Fibromyalgia,INS-507104143,faker
السيد حمدان متني,8f05f5768d8e4b6eef7da9762456c7ec2a6cb54da029c9c2ddcc1ed7524f6b24,7ea342885c45bd08f03a039deba9c8a7863bef0ab90425bb1a351bece4017bec,f9533289b31809573c11255f376d25fa618e134860c67a1b5172458fa0713464,whou@example.net,"882 Maldonado Cape Apt. 172, Lake Luke, VT 27188",MRN-611833,Asthma,INS-541613113,faker
Lic. Zeferino Griego,e6e30b82d815c094b850719ff2e9ad05a32677f505726f4ba4e4a674bd3fa90b,da257c8bb023a4df41b7b943a3b0f943dd5eec7d44bad1ab514ff25513ab8d39,17656f22716aad2b918f354a104d9062bfc9cb6ec247fa5e28f2c364b0551da1,jimmy55@example.net,"2316 Rivera Mountain, Brownchester, MS 77057",MRN-120422,Asthma,INS-489747629,faker
الدكتورة بلسم بنو حنيفة,d010ea94aeb0b2bbc3a6920827559609186f4c0448982d5942685e14a36ce72e,6f0a30faa0f429aa1b1cc946120348b3e41c8f98e765ab7889538804767947f0,f2ebecb3f689cfe524ab4b213c24a0b1572801deb575575a13b72a34fea5bab1,spaannddey@example.org,"Calzada Reino Unido de Gran Bretaña e Irlanda del Norte 339 685, Vieja Seychelles, AGS 71302",MRN-921609,Rheumatoid Arthritis,INS-626781451,faker
Terrence276 Raymond398 Schimmel440,e0b9b47e8b532da726f6a327cdca28ef94db317cd12bd4ea189ea253a38c67ae,605d5b6d56e214418d854d6751a088108e8db5b660fbdf776586c2706cab9d5d,010b72798be8a423c5cf4036ec34fbda11f21bbf861ca10ddf11762492b6af5d,jcodhrii@example.com,"984 Kunze Extension, Westford, Massachusetts 00000",MRN-2C7C4A,Medication review due (situation),INS-991187981,synthea
Andreas188 Devon268 Von197,91ec308bdd9f8bac44031633494ccc9937bcbcf30f4339dcf6e656866ecbf37c,ece4f23195bf99a057382470c0ba656c259e0f6ec50fbdafa055f755147f2daf,35518659c76cc7a3de40dca439d7a0d76cdd18b6911d6cd31bcb865b1bb1c1af,drshnaa78@example.org,"179 Schoen Pathway Suite 22, Turners Falls, Massachusetts 01376",MRN-0A6FCB,Received higher education (finding),INS-496678008,synthea
Fabiola Abigail Tejada,5c7cc878b369108a46a62033e502b835badb2bb76405fe40c77031586debfcd4,e09b18ca2205bc5ceda0b6110bc944f91429a5c53f624a0caeeed52b7d32270b,9054c8c9917b3065d7c8ddee5a45e1341573cc1a2189c3262e5aeb7c37b42673,sdymaldqaq@example.com,"30/932 प्रेमा रेड्डी, अगरतला-932971",MRN-282176,Congestive Heart Failure,INS-994351711,faker
सिकन्दर टंडन,0704b1cf97ae8345d841f600fad9f68656eb002efc263a3d0873cffc0189fbe0,74ea103e51f017ad93646cca55574b305efe064963226586bc7fd493261c77ff,e59fee933ae3ec870995c99e628a26cfb4383243b08f41f0ea564c8c3dbecaa8,dbos@example.org,"05242 معتوق Squares Suite 801, Lake سراج الدّينside, AZ 48894",MRN-479580,Atrial Fibrillation,INS-248532577,faker
Arden380 Terrance440 Monahan736,7ffa4fcfbf417265ecb96da21f84e9dafa1735cceb296ced7c42157d302f49e8,e424e129389e81e9f921955f13caa153efb78b208fd823aea70f157b8aa2f66f,76e44b9580bf98fb3782e7ccb3e884333c3968cf375c1ec7a5ffc0d7a6679c7b,jimenezmaria@example.com,"753 Lesch Rapid, Westwood, Massachusetts 00000",MRN-A9B0DE,Medication review due (situation),INS-644578566,synthea
Hanny Gierschner,7023d4615c91d60952153914b3681928a37d6c4a69eace63c667adec2e49d3e9,0ee526492b67551cc166a1ddc24bb441382dc2d410fc453f2ed02152cbaabe71,2c26222c5319b86b8fc98445e33fe9136aa7153e78e07f85d1a043cbc161cb61,mwood@example.com,"5319 Stokes Forges, South Tammy, AZ 37300",MRN-944917,Rheumatoid Arthritis,INS-161873231,faker
Cynthia Jennings,3fb3012b733ad51767a2243ad752977d645940ff974dbb8c46930492e0b18966,6fa4ed2482942165478b85fbb99f8c2463606b7816019997e4e5ebb7515a36f5,a908db44bf12048ea90f2415ddcc97c7f09b3fdff2602b66132bf3b2118f5488,sanchezchristine@example.org,贵州省沈阳县闵行张街I座 787920,MRN-449555,Hyperlipidemia,INS-725711790,faker
लता साहाजी,1dc96e2d1772a27f4de76620d22ca0695a06cd146facb48cf01d320bd96ecaeb,ebdcce8dc588f2b0533b1600e6c62d5070e27adb76c80bfaf476666d0bfc6c45,c24f5167484256e5a2e1f2a274bc3c927a1c933c87d879cd44c476d3d058e071,elisa25@example.org,"2510 Barker Stravenue Suite 379, Rachelside, CA 51041",MRN-238394,Hypothyroidism,INS-710293796,faker
सावित्री महराजी,9fb85d487d0addb1de2be616622e182430696d07215fd0967ea3d126801bb5a9,29f044ac7760d40623a0ef963896a0936094cced517975b13854b8cdf6ead27b,44edb7d91db2d85bbfe2bfe53ef02d8e1833e538af017375352914d48b8adfd6,wardamy@example.com,"Circuito Hidalgo 928 Edif. 404 , Depto. 456, San Mónica los altos, AGS 82633-3738",MRN-678440,Osteoarthritis,INS-112724887,faker
朱雪,779e6763f2ecbd1644a1d029d8bb255b5fdeaa39b19a661a32e89bfe559d7937,1b6ee01a5874173097e8752222a2a5059a669f94349234a6586fa783c47ac409,c7198ae9c47aab8f929b9003804b45f472e03831576a1b1219843c82ae10114f,yang43@example.org,"52/074 हजारिका, बहादुरगढ 993538",MRN-579027,Obstructive Sleep Apnea,INS-313907621,faker
Jörg-Peter Möchlichen,1d5c89096824ce4e951fc57eb95f4ad1766882bfae83427228ff52034dc8c16f,f426cbecbc0eabf8b1da80eb8ec5426396d9ae8f16a157ed5905953eda90dc4e,56d3fac2f4b11cdf2cb0cdaeba2828b0bfe314588e1d7740d58e492f8cdac78a,hcai@example.net,"Andador El Salvador 183 Interior 764, San Jaime los altos, BCS 47435",MRN-332335,Major Depressive Disorder,INS-936571442,faker
جوانا شرف,049975c954aead48e5f5c9298be44d2a3234e0d892fe5b285ccba3bd3ada70c4,7a60cc5b756e251e1592a4de2d0a998746ded630271a6cd046af89aeb5700a4a,437be0868843154eedfff21a2245bb32a97165d68d89d08a211d9fd3045661c7,jeseb@example.com,"700 Montoya Wall, Bensonfort, CA 30509",MRN-833723,Hypothyroidism,INS-392322121,faker
عرفه الدسوقي,4a95b11ab1b0ce6153844e4620099072e8c4a349870e81b177b81fd3aac06ec8,2cba3b51d740a010842272c8df0c423c39fd5c69baed007d5e9762bce2f7d1c7,f05761a93f9b00e50b9f8a19c8cbbbe136a606df1f475b5d00249d26f3a1f3d9,maalikhrshl@example.com,"6 डी’कोस्टा, भागलपुर 982530",MRN-949884,Fibromyalgia,INS-443154754,faker
Kayla Burns,48e6dd02f844eb726c7bd3b260f2f8d3ed3ee37008b8396017332a44b2e41ed7,75c5f4363a2f6d21f44c003ad7ddf25b3ba1433f85dbfb8e85dbbab6947262c3,b7f7c580209dc826961b8f7067382c45d56a1a787aa880ba770f2bb740c6ef91,wdu@example.com,宁夏回族自治区俊市璧山袁街H座 547617,MRN-360096,Hypertension,INS-380016058,faker
Silvano Esteban Gamboa Cadena,79127c612c83130b21fe3bd2e60fb2ccd19001f25571b2b03e6d768bb8a167dc,2caf8cb83b56b22985e3f5ba09e113df16ba85c98c8f76c43a82e422dfa17933,a55d3e3053550fc3bef6e6bf34ca818a82dfc92a1279976a021d840825277a18,justuskallert@example.org,"8433 Lawson Parks, Grahamburgh, NM 87767",MRN-819964,Generalized Anxiety Disorder,INS-821955780,faker
樊秀荣,447ba5bca932a30806384eac05c03ad75fa29869a7862617f3dca6bc2ce8cc0a,a71ecf4247c6849867a6dabffeaece9eed38f3c1b749826932417053faf6ca48,f4b67b9839f0029f4d1925e40ab11026d837397d4eb63f326d997136f18d35e7,charlessanchez@example.net,"Dunja-Ditschlerin-Straße 1-2, 02314 Sebnitz",MRN-134283,COPD,INS-341423782,faker
الأستاذة آلاء بنو كلب,dd9e4906e4dd94371f9ed8477a70aa2142426ba29dc0266bbaeb4b15815cb073,6359f99ee3cbb25cf38be5e65b203bfb89acbb2669e226474308ac96b2ecb372,8d91f04f1c8c09c95cb2b126d92ff2409c35e7de5eaf19ea67f94b2aa7518718,steven19@example.com,"12590 Kristina Forge, Stevenbury, ME 89746",MRN-773045,Chronic Migraine,INS-516104074,faker
عمّار اسطمبولي,4394364a99256a6c518bcbc431a0aaaf79b91c189f3c465ddfa64944d4556e89,51340059b82538e554b172a131b632b94b7df4b07ee3b0a84e7eeb2e6cbb5faf,d909d77ed6e907417f3c8a759d42b8231bba313099de647ca3be92da9a39487c,daniela15@example.org,"4905 Diana Mission Suite 923, Port Dawnmouth, AS 07780",MRN-114768,Chronic Low Back Pain,INS-461971444,faker
Darko Mangold,38f7096056a23f47c81fd7c0b8bd429adecc95fb8a7932941a3ed6bcc6350d58,90eb2f314c6a401f454b2a0f9e9b399818cee953174889a708e46394419a5239,620c4d1a7f3ee88a9fae6885130168627ac9b068749bdf8ad1e3715c410bf0d0,mmaitii@example.com,"Prolongación España 087 Edif. 884 , Depto. 434, San María José de la Montaña, GTO 08340",MRN-613426,Obstructive Sleep Apnea,INS-250642261,faker
Christine Clark,a265bd6e9cee05afedc3e7f9cf8720861d60889d67f0511209fec59ffd42e4aa,280c681991596008fa856a29f258ad581540c8c32e0596132e6841a901910edb,02986c211db2f7d6cc25e36416dfb7a57afbadddb4a46ef0f0d22b94403cd727,jorge-luisurias@example.org,"Retorno Norte Lovato 344 713, San Rosalia los altos, HGO 18324-2102",MRN-542374,Coronary Artery Disease,INS-399085574,faker
عزيز نسيبة,9d26d47008c8aa3d90b56d709951383cc0f9e02cbd9cadf36609dbe5dc4f842a,272e339eed30fb40b66fee851afc02033597994b4507a6ee2155e9a39117a912,e93470d777236d2e2da2acf5fd9afab087491321c3bcb501a73cc0b723c734c7,pinajulia@example.com,"57332 Chris Vista, New Kellihaven, AZ 87261",MRN-481913,Osteoarthritis,INS-175133802,faker
Andrei Siering,4e08a762ccfed5af191bdf626fbe2233f6ae5948716389efdb57553d7c2c4f34,26ddb23d1981ae546efabc99a202a172fb4f9ecd10454af3907246f382a1f36e,ca7531405a5f63b1c04af3853cdaad1ffdc3d10aa696ea13ac5178a2df31cee5,gabrieltucker@example.org,"Adlerstraße 8/5, 87234 Bayreuth",MRN-738720,Psoriasis,INS-283758720,faker
माननीय पुष्पा चटर्जी,01542bf4ebfd6c950ba370d25de46d70db6971e5a06fa552dd1fb27945b28a58,422fd6b63a41049ace4f9eb864c736d2eb80b5c29d9c7568b147c505bdf0e349,86bdf76bd319e6f989ca61c10d747283a309818ea4429194258f1d3eec8eb565,mntsrbnw-alsmr@example.net,"9612 Ann Points Apt. 572, Lake Michaelview, OK 33532",MRN-256389,Hyperlipidemia,INS-937009907,faker
Bernabé Abel Prieto,3bc98680ecee3a81afa2ea0a028883205a4788a31989b0e1d53da4701cb29f2a,634f3ed930f805eca6230a582715cb00e2909007861fbcab584735df75bdfc63,69db1f29d0deecdf22b1f99af884793a21db8eb766cd3ae46390f1f5458688a8,betancourtcarolina@example.com,"79274 مشرف Ferry Apt. 123, ساميside, OK 25318",MRN-871976,Type 2 Diabetes Mellitus,INS-694022242,faker
शिव सरीनजी,56a2fb621c737409e9dedb07dd9cb41409054572884ea44c66f770bdf5b1a204,02ab8463259519b83b8d6bf45fcd1b13a786b8c81dfb229ac20d94b171fb0bcb,baf6c44a4a41ade0ed8132620bcb5a40c6a9388df0444b2cc1a6ac6b93cefe36,ullmannfriedrich-karl@example.com,"Unit 1745 Box 9615, DPO AP 70443",MRN-225710,Anemia,INS-364371717,faker
Dr. Bruno Alvarez,715003ffefb54af9c4c20b94c24a7aa84c73647d95c7fd93a02758c3ae14237e,c3e93f7f43f8fe5884051de129d78166686da489bac43bff76a0c2511ffd82cd,b0ad544ca64741d46412eb33b5b49af977ca38ac1bb62b3a9f285f7e9bd73112,dario55@example.org,"64335 سائد Wells Suite 160, المهرةfurt, AR 59065",MRN-595158,Congestive Heart Failure,INS-637383490,faker
माननीय अर्जुन गुहा,f61263b2a7f488152067a2bcb942dd462a74419681b93223fe5b577c5d0854ca,fdf79b7798d4db3afa423c317f94285058ffebb14573a4168a15d424ccc4b7e4,2f64edd47610dfa1e303906b5439d6dcba85128bffd16aff4bd89bc82aba4d2d,rsasrhyf@example.org,"829 داني Camp Apt. 707, East لاناberg, AL 23078",MRN-309902,Asthma,INS-245737277,faker
Roger751 Russel238 Huels583,0cca260dc195fbaf495c4879d7a8e16c124f3845acb36180fa8cce14a0f84d52,4a35bc5a60fd1dbd68502451ce50bb6e20ac212b41f9d6d0d1bec41b6761f96f,aa0f31534b771c79ffc20ce3a222d484dbc7d2353d78de87d4acc9aefbb1a364,knjm@example.net,"242 Thompson Tunnel Unit 89, Medford, Massachusetts 02155",MRN-5DD378,Medication review due (situation),INS-485132332,synthea
Luzie Trupp,aab84f8b78d3ffdbbd69d6039c8e4229fa924a4e3813fcbc351459043a35f40f,adee17a13c26bd805c1255e69d119efb1abebf01f5adffdb07cadf0f0a99d8c5,7195ca9c171a74ecb9a4105ded5962392c9428451802cc0520678a2f40292c5a,cturvediirupindr@example.net,山西省帅市黄浦鲁街Y座 445562,MRN-431737,COPD,INS-319321646,faker
सवितृ प्रधान,c811d3d5e8730642f28b5e8f355b66b29cccc49ac92dfd089413f5145fdb7f5e,d7c2848b13a2829a9bc7748f1a1e6d1ee33b46ca57f651b6ef4c63f8fdc559ef,07d006b2772f5e91c921f855461b6e36e9d30bbfb22a08ec31db56e99ae55dcd,marie11@example.net,"7935 पिल्लई, अहमदनगर-151820",MRN-140115,Asthma,INS-740563507,faker
Albert Nguyen,a212ef8786e743a941b35862c57ee80722f96b84ba4fe5b1550f182497bc7568,08d743f803a4cb275d1f30aab54efb996e4c4aaa11869b9c3978426e0fb08a20,ff9e6b90b80e153c5d7044f013fe5c340ba42ed33afdeb59ea24e18f21de3b1d,oslym@example.net,西藏自治区阜新县花溪张路I座 264609,MRN-879850,Rheumatoid Arthritis,INS-931109347,faker
Eun46 Jani266 Upton904,7bbd1b48456aa0010efeb2310f6796ed15e71c8eee540215372fe8cc581e4b43,b5b2df44273886f0a66a37bf0b9c79bd28bea590ef87f22369012065e3c69fbc,c18a42d8a8227f97afe4430f5ff557076d5a6ec18d06bcb4a25cee9c18da6d78,ekkehart47@example.com,"566 Padberg Byway, Peabody, Massachusetts 01940",MRN-952507,Medication review due (situation),INS-897159606,synthea
हर्श श्रीवास्तव,0489b7d58670dc51ae4c587ea65049a42312f65fe7e0f5bebf62dce561f475bd,7a5908a05a242b519e2e9723a3386c9536558f31a41bee53bf37eec57c1022ab,9a6e4c376c1ac9d2e2324560a7879c62eb0bdf8e7ae7dce9de4e9eeb86182114,ezhang@example.net,"Hertrampfplatz 14, 65044 Meiningen",MRN-232361,Hyperlipidemia,INS-353398109,faker
刘燕,9d54cc65140641603b089ad8e00666253fb74c1cde38f3323cebb09a0917d42d,06e6675d6c36654945d7f6dd7ce9f3c82f17b57e2ad989544b3e918b8c92e158,0d7592385160dddbd0d501224812f7281a334967cce6397063d7636904c8d124,jinghu@example.org,"Calle Ojeda 153 Edif. 473 , Depto. 552, San Cristobal de la Montaña, DGO 33865",MRN-583214,Coronary Artery Disease,INS-886808192,faker
Larissa Schweitzer B.Sc.,ecb498d7996b73e7c7018d70f5a5fcbdb3972d424d95dfc1865a00653b27aacd,15225f02da86fc4c38bad2552a838a520b3a340947da33577c2c63bac5a508ce,2f5231af63c94d2dced23cb7d6409b28135452851b00e8260339e270ce38200c,asuncionapodaca@example.com,"148 حيدر Mission Apt. 342, East عالية, VT 60278",MRN-730343,Hypertension,INS-340271240,faker
Junior695 Altenwerth646,96eecf24bc0f093b12dba5ccfac0255ff6443c22e11f24e41f97bc45fa736e60,110713fd0ac0ffc46999ffb04894f2b997470017ff04cf31178bb8bcd7a1bcbd,565d784a539a284526b98e14fc9698d24d5e9a5f0c9ae07fb8fc027b7ef2a0b4,quezadaitzel@example.com,"689 Goodwin Underpass Unit 33, Walpole, Massachusetts 02081",MRN-66C58A,Received higher education (finding),INS-504886868,synthea
陈阳,1cc6372d20bf3de159509d35770a24253c61e1f6b0d0036d23d7c9c49b8c1dc8,50654a459513d46a28228ec7995877533eb4967cee1949aa42e306ee0c9be431,b2f96ff32c570b6648ca1e4e1912c87f3e83cba5b75e09dfbae2fb58d9298b64,mrtjy44@example.net,宁夏回族自治区辽阳县双滦南宁街o座 707427,MRN-451317,Obstructive Sleep Apnea,INS-587853601,faker
Cory323 Israel728 Jenkins714,424b3765db85bc48a54b9f3daede62fb0d1f72a6048191a1edcffc5fb2da1ebf,a8cf0ba72033ccc3376846e1d0cfc59c8ab01b6914b1371d900c916fa6e2500f,cf0e119fe8143147b53f866d3d1fe1dc47369970cf47d971905ce2fd53165ea6,loechelheidrun@example.net,"775 Hauck Well Unit 42, Somerville, Massachusetts 02155",MRN-FC1E09,Housing unsatisfactory (finding),INS-557490881,synthea
孙兵,315217eb7fbfd554132200d6118422a1ce54dcc3c6bf84fe1a3f43aa39dbbf47,2e9e24752c36622971c260c2598afc11bc454d8966299b542b84f20fe9c9f372,07f936c6ec5fbfc507f1498d46dc5b9925148ed50b459498167d44450abe53b9,kmlaamaalik@example.com,"148 راجح Ramp Suite 393, South كاشف, CA 45159",MRN-491435,COPD,INS-902425085,faker
龙小红,15ab94c482adec8e0285c9974261621974e080f72cc3bc9967097f8b28e6c9c4,db2a4b25b8ab9a204bf228cbe2ad35dbc987f37d27a6c560bcaacf23d0d28d84,16b508dd5316ec15306cfea80569c91ff589e3c6627b461933428811aa7b97f5,vsrkaar@example.net,"33/96 ऐश्वर्या मल्होत्रा, रानीताल-662702",MRN-265080,Type 2 Diabetes Mellitus,INS-645276696,faker
सम्मानात्मक पार्वती गुप्ता,aa220e6611d00576d9c59489bbf000cf3aaf33cd18160368c9ee454c2f096b82,62363c59b979b3a1cd9ba3732d071be652be4060f3ccb569226009d55c538a14,ac00f7044726c1c8496750012d97c3e6a769df47ae6f31e523312c78deaf123e,tmym26@example.com,河北省齐齐哈尔县长寿天津路L座 667345,MRN-981639,Hypothyroidism,INS-978755907,faker
Robert Ross,5d9c2971724ecfecef4acb456ce66e8501e3f04dc17c5f013c3e146753a30485,05608e4754d8df80eec5ac38d751dda8970ea46be20f8b1f4fed3be0c59bb83b,20ab886006cc9f2c23f13fb2193f51e49160ac54e96d49314966f73629450cba,gang64@example.org,"0450 عاتب Fall Apt. 282, Lake منيف, WV 05611",MRN-611265,Major Depressive Disorder,INS-777566277,faker
बलराम अगरवालजी,1374ca635af54b22298b18752cd971409f7a9a8d4dcd325ac67b83eeed17bf8c,b5c232824aa4fe2eb2b258b6ac31d57a7a39fa9eabcbf9de20b5969db8a43fa9,128f3d4eea8db623fb6fa6b0f7fd81ff25077aabf78df0e89df26e3c63e05b45,qiang26@example.com,"71/8129 विपिन कलिता, चित्तूर 279371",MRN-350786,Obstructive Sleep Apnea,INS-968253265,faker
Glayds212 Kozey370 Boehm581,82f5aa3c28fa5a0e563be8cb9d94d41a62d3169c1ecec17e73c1cbb2ac63387c,a244166633d8881deffc570ebb0f32aced57520b8c6f44d9ea937a1a8d1878d9,c28709205360b3ac1aa028c948753c9156359811727eca97c14619e122349ab5,larakohl@example.org,"277 Lubowitz Club Suite 21, Duxbury, Massachusetts 02332",MRN-0B7ED7,Received higher education (finding),INS-473098534,synthea
Dr. Janina Schuster,d36808df01a29967731c70d83c64f7b46b5336f1d73495d4956cb9d68b15b020,91f2a204088a66f35b15e9e6d4944e12f9a419f0f34391e45a495a3ba3a2f5d3,8fe6e8c69e0544d90842124d5ac78e91cb045d22a43da63124251ef6cc448cc2,indumukhhrjii@example.org,"Corredor Aguirre 236 Interior 887, San Irma los bajos, TLAX 21903-4043",MRN-755900,Congestive Heart Failure,INS-384161612,faker
José Manuél Alfonso Ferrer,96782d8f64ce7aeea0863298ec65bdccdc6a78f7750e1922588e32defbc9ce4c,f1f711d62d2296207e400c7c1b21cb5fd2030bb6bba6153f576073d41eb02b00,beb2de1de1c9254bf7a5f86f7d4a5e62b7639f88c820172de4d380697f06f8ed,rodriguesilaa@example.net,"Periférico Norte Menchaca 182 307, San Liliana de la Montaña, AGS 09157-0184",MRN-415779,Asthma,INS-151270577,faker
Isaac Gerónimo Solorzano Ponce,20f0c1e09804ad5042f6db82180e42b1c64d4720fd12c931818f79593dc44ded,16045860992bbb41b31cd896c12796a4763ad05b927b4a0abfdb3ce417f901b7,1f4a61b70cef4d37ed1ca45457b91c556425187d5e0c720cd8854ce3e90bdf89,mlhotraakaantii@example.org,"794 बोस, मोकामा-172260",MRN-374258,Psoriasis,INS-486066116,faker
Hettie215 Robena997 Jast432,c76c8cb308999f7bd6fb7cd8232d3f71b3e93811919fb8eafc0e67bbeb74a030,24aad14f629170afb08bd9cacfa5db87bbab1ed05f1c52cb9929604525374e30,7a38b1cfcc1f37ae1cefaeae81e358a5afa6b98817ffc7cbb968a7ed43cb7ac5,klinares@example.net,"323 Cummerata Skyway, Millis, Massachusetts 00000",MRN-294CF0,Medication review due (situation),INS-844034445,synthea
Roberto515 Núñez242,bce2e3ea1dd11790383781bcc0bc5ae6fdaf4c98c260e0b5a7c082f3ddb3fe6f,a4879adf9e5ead7cced4e771d9eb838fb66181db5ed046ab31ff58c83af2e074,0c4a68da237017d2ae931edfe66cac24e18a908c6fa7b0b187404cdd3d884db4,pruschkesepp@example.net,"257 Kemmer Landing Apt 66, Carver, Massachusetts 00000",MRN-5BE661,Medication review due (situation),INS-546602768,synthea
Bud153 Berge125,18b3ceae7b135d770fb20048a42f49dc163905610504062ad8724d8272a94d4b,afc26a36f376bf5456317d53099554c39a831e0c922f10842237b8fc3b8ae235,b452cc26bc853250598a77105d6cf3a1979dc30c00c806808be7e1b12ebcc959,tylermcintosh@example.org,"207 Greenfelder Bay, Lawrence, Massachusetts 01841",MRN-607569,Medication review due (situation),INS-272796036,synthea
Danielle Heintze,c173d112d9aae35ba5b6f34d949171750395d7de120de5bb820f0500a9126144,0ca23a39704e97d165fbeb3c7cd6f1b435d8f1e5e9f4d51d3df789bd03d18295,ff8ab2f27a044229f58518a5fd90ecde5a95320fa838e50cb5d6e4f73d2030c9,hbrown@example.org,"Callejón Sur Ceballos 671 Edif. 632 , Depto. 346, San Jaime los altos, OAX 87430",MRN-581294,Anemia,INS-361142486,faker
谢超,d3e5fd0a9a326fd181fffbb01af6aa9a4fdc09816591020e0cf68cd367e11ec1,2acde05e4dfa2f0f1caadfe6f1255d9199548b37b986eff3d1ed3c50d137bf2f,a0ffe41c4150c930f8abafbe66bb1b7dd130f23f8847ceee961b7054b65816d4,almzfrryf@example.org,"Diagonal Irlanda 977 539, San Esther de la Montaña, VER 87148-5524",MRN-427252,Chronic Kidney Disease,INS-210282113,faker
Luis Zaragoza,7f9a70ed7c5e476302c7af51ffa224074015b7bc25d349771ddba30b4f73c996,ee5708381a3c95c1f2c0f78c00a75e92bfef0f0aa701f5889c4303bca225be55,0c5acd559a416d8cb400fe8c16d009c7e16ef6bb88f32e7df70b23642bcb05f7,kumaar57@example.net,"62/103 तिवारी, अलांग 990881",MRN-260053,Fibromyalgia,INS-609241268,faker
Abel Corrales Iglesias,95aa3e671fa7304a289cd26b1f63604f76722df40d168f70a72ab99c62ec59bd,9830a687fa6cca4439bda0afa30f661aa5220debb422360db2575205e8ae2bea,def9c592f121c2842bb368d44eacbe292e465144062e5da462749142ddae2f43,robert73@example.org,"95979 Oneill Road Suite 158, Port Jordanshire, AR 19655",MRN-622987,Obstructive Sleep Apnea,INS-634047267,faker
Univ.Prof. Georgine Beckmann,3095222401638384622a0a1ec65d360b6df474651b9ffc3e4607a3c81b72114e,8ec5a7fdf0446266126c672f98cf002c8c706dbbf66cc0f67ec28a8663b91b91,08e92033c81606ed1430b0d675f994ef6eb4f9507715b47f355da847701dce43,ernst67@example.net,"Ottoweg 3-2, 02258 Tirschenreuth",MRN-507723,Hypertension,INS-856704108,faker
المهندس مهنّد الألجاوي,b1cd92b55e85c2161865c8e0b5812f9817479efbbd60affc4ed2061964c38604,ae38fea1f2dd62928f27350d42c2437797535e0d5147827d1d55ea5a0cbd8a72,40d86f096a4223b1792b53e96361b1cc0347f71c3cf0ea77041f3b6431765f27,indr96@example.org,"82154 Turner Oval Apt. 229, Williamsport, FM 37657",MRN-544730,Chronic Migraine,INS-507245006,faker
لمّاح قليبو,35065d50984c948a5ca7bbb89c66471a2b3090ca7172d9c31a8c070f523f6fe7,522c6a301985d7c1ea2119a3f5aa6ac682f6dbdd2679eba2d16d1eefe44a7f8a,817a8f8e39c5ae3730790a3aeaacbfa0be195241606f09935299f2360a81031a,trosario@example.net,"7046 Michael Stravenue, Pattersonville, CT 19635",MRN-353690,Generalized Anxiety Disorder,INS-624830763,faker
Jesús Godínez,4a27d007139d8d68ed570a2f7a7096e091b66824fdf7606340c7b7adc000630c,fc70e45127ecaaf0cabf804331cfaa2088335a02ee0c7df5d0ac5dfedc81c07c,8fa19cb9c58a50870b75860ac3f5080b3ad96967fa52da2e19171427922bd243,joachim77@example.com,"Privada Noruega 808 010, Vieja Chile, MEX 20387",MRN-682789,Hypertension,INS-654724287,faker
देवदान चवन,5316b3d965c9160ab1a5224e6205f29d0c5f320e6e37c26ccbebe52caa994e94,e83cd52410d6986ebf0b3ff7f62ded1df905ab2fa567063c21be70df501d4b40,94ce2b46256919d69c01d9772704e63ffe35a7c03fb47257a33091b1a3a169cb,friley@example.org,"07049 Jones Springs, New Brettfurt, MO 13061",MRN-354377,Non-alcoholic Fatty Liver Disease,INS-748971205,faker
Kriemhild Hettner,af2378486e908dcce00eecdccf0b2e3bf30e9a5ef8d44045ce19e5bcc0db81a9,e6eaa5dfb389350fdb2431fe8feceab2d82b2052fe27e59bb30eb3bfb0b2822e,ac18c4de2ad64804b90b870ec5425412156a3419da38704195dbecf843aabdad,ajit57@example.net,"Retorno Campeche 947 Edif. 985 , Depto. 158, Nueva Paraguay, COAH 68861",MRN-196126,Fibromyalgia,INS-327746886,faker
आदरवाचक लीना वर्मा,ed356829dee25aa4d7d21f013e0bc04b43db86ca3623507157f81aaf01564f2e,b0d6bb4917cd2ce95c55a06c70d9fd10866f7e18b966a5a6e84a88c9ac09cfb8,77f51d8871e8ec94f441533ceae02f632333216e78d790749733a054b72f933d,ycole@example.com,"Brigitte-Sorgatz-Ring 376, 67197 Nauen",MRN-725905,Gastroesophageal Reflux Disease,INS-385111130,faker
Klaus-Dieter Wilms,7343073585a31d58262270a3564e48a48a44c1be8a4f3cf8b6fd878657149ffd,604919b57f359db1e8b2ba10fc6a067351253ca621380e25029e8a44a3533dfd,bfa9e0041fb5258beca3a89f1779e809365b2de1e4c3cf0228e4f020dff68914,inesprieto@example.com,"Edit-Kraus-Straße 2955, 20849 Haldensleben",MRN-504630,Asthma,INS-358859561,faker
Neil122 Weber641,c6ce08c0b284f00b60eeb382a0f038c9b1b32fd10fd8aeb513dd16afa2da09dd,e2a810899998acb43f641c4f4a8f6e8de69d5a05bfd9b5162b5c3f177115eb5a,2f91b29a7f480dd703e9ccc58b4a54798179860d62b9b7718bd1ad7d7641e286,diipaaliidaasguptaa@example.net,"628 Runte Meadow Apt 59, Brookline, Massachusetts 02445",MRN-273A67,Housing unsatisfactory (finding),INS-877920274,synthea
Jason Payne,1674d87e113e6882a678b0619cf0d883527ca377e509847dcd624578bb6fd5af,77489abdc821a760dad4a468fdee889c13d6742e8cf96e10be50639a2b9586b4,3d78aef778e095f6864965744b4c7d0f14a9368c32851b8446ab637191b85a2a,nespinal@example.net,"Luzie-Börner-Straße 7-2, 28411 Gelnhausen",MRN-573869,Obstructive Sleep Apnea,INS-597514616,faker
सम्मानात्मक सुदर्शन प्रसाद,04609cde693d90aa4b0837896e1855a92a4cadb72b4af587969ee5295b6dcc04,9139d17b44c4ed6c3de1342432caf155515faa55dd73dfedc0fbea63561cd3ec,0fb642c27881e7097523742edbbea34b66411051212c4e95bb993fabbf8ab154,jadwiga63@example.net,"20/37 राव, आदिलाबाद 515480",MRN-152046,Hypothyroidism,INS-713933158,faker
Agustín529 Roberto515 Montoya249,e84914e14e21ab44d357b3d51d3ad66ce6bcc859acc22f440cf38d3cf5b20ee6,80bfd0e3b26f2aacda38f66efb517c403b8659ae18b47b15b03b56f5dd5c9a56,db984ed1a3d82d5d08a7389301b6ca919e02f0ba175eb3571c482fa75bf3734c,mariano80@example.com,"614 Jaskolski Ramp Apt 81, Chicopee, Massachusetts 01013",MRN-C82234,Risk activity involvement (finding),INS-111972445,synthea
Darcey370 Botsford977 Hansen121,26448fb7a6f2a64b9b04afcf97bdb2d9f22f4409233f593982f4e26ff5081f8c,98aa5f78345ba3e5d793e474c278149a98286f4a6c16d1c08eb771a15ce3f0af,a1acd12bc894f2a6672b216c477ab42372204b498e27607577398efe0ea7aac9,velazquezbenjamin@example.net,"775 Roberts Trafficway Unit 49, Worcester, Massachusetts 01606",MRN-8B9672,Received higher education (finding),INS-139359410,synthea
الأستاذ لبيد المغربي,7df91ab30560a17a9cc2b51ddf2fd082742c5360e50cb80e80ad8ad98ccf7325,5a22397553970a19b91e16f1987cf94a70a03eaf2008854851a423ab6a64f02d,71c8e9f2936f0a7666ac7740c0523ee8d8f61a219b2627858d1c3775db91e87f,fangjing@example.org,"77/24 सुमती द्विवेदी, जिलोंपर 316526",MRN-205428,Fibromyalgia,INS-927603754,faker
Brady998 Felton646 Okuneva707,42b6360db1c9c321256937a91241fd849d27fe6cea895ff64ad15ea8d40690ec,5fb9e76f84d1fe126b4c40a8c87e9b40710efa530124cfe5800401af08c51e74,8740c5a27eb46d4b23ac0a20e58228638c29758a5df7cae0e8edae495d46ec1c,blaasubrmaaniymhrendr@example.net,"729 Wunsch Pathway, Billerica, Massachusetts 00000",MRN-EF1D5D,Medication review due (situation),INS-715776454,synthea
Srita. Sessa Partida,584d2c69465f0557e3925fff5adb3fa4809d7cceb7f4c851aa2291a608790126,f9e9cff732f2d69cd2e3833b9f9512fcf5efcbb3a4eca7ca5cbc74a55ad4871b,b1944a592c88b9e41126a4c6296a85bdc83509892e6d0466e553fb0e8cb06fe3,ashleymartin@example.net,"2428 मिश्रा, हैदराबाद 137977",MRN-967611,Rheumatoid Arthritis,INS-528133274,faker
Robert Hansen,f16798512519bff752bf53fde0bb41b311be11f67c9197227ca0f65054d1e9a5,5b72dba7f643dd5e0a7faa609af1a7f9f1e8a652374c0e69b56d630f535a3e22,c33b136fa9a951a38f9578920ebad1f97b24a8599cd323863c6c59d91107a482,juanyu@example.org,"795 Jensen Manor Suite 217, South Jeffreytown, SC 29733",MRN-877259,Chronic Kidney Disease,INS-117415986,faker
Ferdinand Hentschel-Schleich,9f74c6e829fd3869fcff655667cf4601a7f8046e918b3ddc09acb7f89dfb6d43,170af0b368ed6a63060426a9dec35ae281eb3c610c3ad9710387952e9b1b9e29,1069bce0eff3d537121fe3b450baae766fc361d1861d5cca8cb8aa64d6f1227d,wisedawn@example.com,"Gehringerallee 5-5, 94611 Dinkelsbühl",MRN-527865,Asthma,INS-128198506,faker
何静,4c796c713bd3b49d58678ce2f0a7cc606eb240bcef978e7ce55809604bd6d5f7,7d2d579b0673d3a0703056684e1d0befe298452708cf362d0fcd8c079e59bf52,7b92c204d971920c6e5177623285efd667d765eae6ddb429c0143ce1aef7543f,qpennington@example.com,"USNS Evans, FPO AE 58021",MRN-324381,Congestive Heart Failure,INS-989006374,faker
Adeline686 Quitzon246,0e07e08013bb7ed560f5bafc492e22c982f0fda1caed95df8762219ed5e9ddc3,027d53328b75417e487d3de045f3b2a66ac78a3c2c0d0a145bc7e88527ff7eda,b2952b0235342dd67522ee00d3b78d2d91cc6be5c0f17e3cafc7927acc7bfd5a,junmao@example.net,"737 Fadel Dale Suite 15, Wrentham, Massachusetts 00000",MRN-6D3AA9,Medication review due (situation),INS-533744956,synthea
Heather Taylor,51fab3b35fe829850fe22c7bc1aee7ffac0957cdfa0cedd6468da43d4b3788f3,7650d310c14757d97330721b18446f2036e1beb5942af82857ecd6764740d522,822bf8d192a97f213ec3eafa61725394a3f1e8e38ad11e346dcd49ad63c19c24,guoming@example.net,"81/225 राय, करना 617679",MRN-834891,Generalized Anxiety Disorder,INS-592265554,faker
沈荣,53f35cfbf4d1bfb9e3aff297946c6fcffdfe5a6eaebba009128d8f1d0df9b3c8,3b7980dca0c788e403797306d5d8be361470cf5b4e1d0a871bcfc7a842897361,753298c982911cc4aa5df1cfacfae217ef112f87bcd25a09d0296c91388e1bf9,ralejman@example.org,"07562 Vaughn Loop, Salaston, VT 18599",MRN-128276,Hypothyroidism,INS-735540030,faker
المهندس ساهد هذيل,376f77982e4b7ce0f70b6ad65335851bd5a8dde9d69a01ad7c6063e7ecc9451d,b93dc457aa185caffa1e9911455500887c8b7443c1eda03aa7c0096074d82ba0,d095ec7fcb5ff90faba4b3610a2abf8f1c9745fbdcc21b1611dfd0b4d02fc1de,whitemary@example.org,"6474 شكيب Coves Apt. 209, ابتسامshire, RI 30767",MRN-975686,Chronic Low Back Pain,INS-665359037,faker
Moshe758 Jackson413 O'Reilly797,f6823fd5a122b62ac98135b24ac502b2bd68b7dc82d9b263caac697a58e23005,2063c1d624d85726e6ec0614e2c898e48340a31cc01d7e13082cf7fbe3f73b12,ec7a4c39212f27baa563b6985542d3d84343c5369d34f72882922eeb26aeac8c,alvajavier@example.org,"574 Walsh Byway, Springfield, Massachusetts 01108",MRN-10B56C,History of appendectomy (situation),INS-437018334,synthea
Cynthia Wilson,b84a1d50d8f25722ae90ffb95ffc88caddb3b094cd1d4cd1d895bfd17d050d1a,43c68c2ff1f9683521da1e31d6f37b4c60bc5b7d5e1a40b5bdf52d240a9c5f37,52a2419ace71cd80a246c2bec1613e2516d90008e845d5311ee0cb22747abee6,shuklaadhvl@example.com,"3534 الشايقية Skyway Suite 751, South بشرىshire, CT 10103",MRN-169403,Congestive Heart Failure,INS-709004943,faker
السيد زكي بنو مهدي,6549bbdc48c7cb0b0259146bb62888bfd51c48ec7bc53a97235a9e4d341261a3,d4ff208cddac4682d8c32d7e4c918d9e208afecebdf11a60c3f08200ddd97201,efcb2e9bf5ac3e4c9d0398a4e043e6bd19a33f0f05d8ace2a7f3c4609434713a,ckpuur@example.org,"177 اهرام Trail, North شافع, VA 50843",MRN-720647,Anemia,INS-166875719,faker
Christopher Hancock,ff85c1602fc04df9c406925e65f5bc8ac56df8cf2f5eddb727127d0f0769f1cb,d7691ec85a2bf2e3b58e32c51eab6b74e942581d9db0107a0035ce9c1f1b940f,ce1de3c686abbd394d0f4515fe073fce65635205408835899d93b492447a6bb4,richardmassey@example.net,"74645 حامد Islands, أكلبview, UT 27924",MRN-467506,COPD,INS-945056299,faker
पल्लव तिवारीजी,2380f1725b4528b61b576b84bf28ee73564efb027f6245e037f5d5b4759fc3ad,1fdeacffb718bb0d4b6ff7a9fb1e3f87faba9fbb7026f7d59a75853614f843e3,4f86538f2d307c3973b063b516dcdad9af772c23e022e133e2443cf5afb6a0de,hartungsteve@example.com,"Carstenstraße 8, 41686 Zossen",MRN-481574,Generalized Anxiety Disorder,INS-403754671,faker
朱玉,fdc3e6b8dc7ff2624aee1f0eb82a2901f576631ec2a40bf3d6fd439e8b78acfc,b582936190289c64f823f89618dad2ca6ac01f3d4c5e5857561734f3e7be850d,8c8ef25de583177c95e6f22f2314df4fc1fab93e9cb54e404285ba8de386dccf,balderasgonzalo@example.com,"9/8 कालिदास तमांग, फतेहपुर-450892",MRN-203398,Chronic Low Back Pain,INS-604111500,faker
郑霞,51cfaeab4ec87c4493a3afc50cb03ec537262ebeb015bb438d3e3dc9876f9f26,c533d57ce06ea704f17fc324dfb8619a6a2f11ebba75e2c99dac28753f4b807d,cc23e733769ad4c37d2668393f2d1e1de8da9484dc0c959ec685464d3a17669c,killernurten@example.net,"5/5 चवन, हैदराबाद 694722",MRN-514463,Peripheral Neuropathy,INS-158821683,faker
Kaspar Schwital B.Sc.,497e3c902f9aedf432829a484d41e57878440cad7bf5ddee73673f15d96cf701,611d9dd8e982211a2f1293b0aa646e082d5c708d3eba0e29388a19199bcaf9d4,b3287306c3545b1bec11656acee4dfde87a703e5ff29b8f9b7a616c02204e66d,lopezabraham@example.org,"63560 سامح Rapid Apt. 946, صبحيview, MT 90977",MRN-904812,Chronic Low Back Pain,INS-719172154,faker
عتاب الأنصاري,2c8ff858099f1323da3415b09668493c2ecf98bdf27142c0b7ed7f5f5899eeda,91f565cc19e5b662dcf6a132ffb9625027261b3fbdac8bbf90e8bc49eb2c6a77,a4385da4899ff4938205089ea3775edeeff6e7718a728f80a2ffa66b5582a62f,awalter@example.com,"48156 طه Square, Port حميدburgh, SC 58618",MRN-354235,Type 2 Diabetes Mellitus,INS-819228743,faker
Linda Ozuna,1ed7b2fed427c279f2eec2df3e00132b3aa0ec7402bd23baab8462d22a92d30a,231b05abdd47ce3d3ff75e74905d99e315ce2f77545e8192e220ca0a2a3f140e,7b1ed4d054ef62538aec47e2d8efcfda9dbac6afd34eb38d9046ea6d715f3cbb,uforbes@example.net,四川省武汉县合川郭路D座 152287,MRN-270557,Rheumatoid Arthritis,INS-179144854,faker
James Hughes,48fb09b8d103055ed9fad76db2dc166ebfdea970da81b5843e52f5eb7c21980b,586df3c741b8216ee678ba0c394efb941797e43ab599f5d67023468bb2d2e11d,91b5ef6ae2f78eedf1ff3009d5f91d3c2c24c654884b0f9cbff19151d975d7ce,matosfederico@example.net,"04727 أكلب Common, West صلاحberg, OH 95821",MRN-320392,Osteoarthritis,INS-943702118,faker
आनन्द दासगुप्ता,3f90275df7ee9aa6d76551d58d743bba80ce8e8492fde093b3d164d67b362eff,85a81413ab8df88b98eacef174a816ba86942f2f8540e6db37752ee3fce866d4,74aeecbfc24253c9c8ec838f24b51d283c877adb7999faeafeff9b73f778988c,zalxaldy@example.net,"7056 अमला कुमार, बहादुरगढ-111824",MRN-345722,Chronic Migraine,INS-333291033,faker
Wyatt Young,e95e7039e37a3035e3260be5cf39af2aff6ab202b30fe10707b5152aae1676b5,2ef0954fb0c05f9412ffada87ceb891ca7435ca2983104cb18e6db64c3e92d1f,a3cf91f75a54b976b33d1edf3e80adc3953861377a2347511a1b953041f05a46,prmod42@example.net,"4/0 रिया जोशी, चक्रधरपुर 056856",MRN-841666,Chronic Kidney Disease,INS-567600762,faker
आदरसूचक कमल गुहा,c8fe1ea2fbd17472bfa39aae4114c1802179707cb744ee375e84f5d46a55ec30,801959b9ced7ab220a7d0b38b1cd13e8180201af4f22c1d770db1c5824ea031d,228d717897302ec91e69570dbd4bd3a48606dea17a2200397eaf64b2a92a7ad7,rmeyer@example.net,"92649 طزيز Plains Apt. 329, Port ساجد, ME 90748",MRN-458332,Gastroesophageal Reflux Disease,INS-306164050,faker
Sarah Johnson,e7ed2f7b18db2a0b7dde808e4283f05503e6f189f10aee7ec5b98234e593efdf,05e124d123bb0f17cce3eec372fa320f80d58bb509e59f3a1ea42ea9f949248d,7940a260246733c9836ebf7514ae06b132c97dfa3fd3e58b83b5d848d7ad0bb6,xia26@example.net,"487 Barbara Square, Alexandrastad, PA 71045",MRN-722665,Psoriasis,INS-191248659,faker
Jennifer Robertson,e98fccf651470910b6220e7d2842310141d03c4f1906f4ea3b5c91f554c76928,f20949d9a4cac34717ce36762310645c5c67a21b97c1c264bcbcc26028155edc,c7aa9fb58ecd96a5af6ba2f650efab2f6c035b0a623bfa142198bd22095609fb,grafanna-maria@example.com,"3482 थापा, इलाहाबाद-932480",MRN-830429,Chronic Low Back Pain,INS-941128035,faker
Hans-Adolf Roht,e18e9d63c6fa907b84958b35cfcdfaae62e661bf646af4940dff350b3c22789f,ada3bda3bb8b463cf0537cd302c2992f85be4d601d4c1bcf8fede6da88e7280c,08490084602c66fa164295174ce28cbc0ffa09f93b8912ff3375d967754efdfb,yelei@example.net,"38113 Lopez Pine Apt. 928, Reeseshire, MI 88908",MRN-631981,Hyperlipidemia,INS-433297890,faker
स्वपन बोसजी,a39bd3d3efa93de53b87960497879d986564a9a0dc0841fbfed39f52cea856fd,ca729e277bcb931a36b639efc0ecca1263379f2a9731b8e649adaf0478735886,5b1afad410902f04fab8faa73b77561a419029198db00f14a02e9da7967fb6f4,guy56@example.org,"Dietlinde-Dowerg-Ring 8, 32181 Wesel",MRN-786594,Gastroesophageal Reflux Disease,INS-714205272,faker
Mckinley734 Royal919 Ward668,00eabb9f1610d982c0ff3072a5f680553a8d4ab70b528cb46a5431b5b4d79190,efcb3e0489cf844f81ff9c2b89f880d88dad6c635efc3c382450e9657b4e0ceb,ce29a2b444fedd95ee9965bf092e2a87b308e2847dd6af6dbe47ae795ce3f9b3,beardsarah@example.org,"653 Smith Course Apt 48, Springfield, Massachusetts 01199",MRN-FF2F0F,Medication review due (situation),INS-397082704,synthea
सुरेन्द्र झादव,28f004dd62e0a7b00717e3b150a4451dbea09791270435fd6e87b1c725041eb9,6401bd5b9d121d0f2958ad3713be1a1b3badcdd53939eb8203876ad7a8177c9d,7fabcd962df816c9b4d418991b4026d276888283441ba4f64afd3d09a15657e4,khein@example.org,"94 गुहा, इलाहाबाद 668297",MRN-379473,Chronic Migraine,INS-976479512,faker
Maranda920 Monahan736 Lueilwitz711,c1051ef4a662b5d3a1b0f0c52bfc7e57e83c44530bb0d029ede841c0c15628fa,564526ed9647f56c887e04113c056bdc85d1564b54f6eacfab7809f05dd0c810,5277152730a663a99d34772a1d3b0ba37e9dab0867de8dfefef33fae6c7bae7e,fblake@example.com,"695 Beier Wall Suite 48, Weymouth, Massachusetts 02190",MRN-48F0F7,Received higher education (finding),INS-543700355,synthea
السيد زيدان سبيع,dccb93483112a4d8f59c37fa91513642babf1a3b9f389f2a07aeb979b5cf9614,448cce822c89e8bfe78293604d3eb3fb27b56a2f4d6bb296dfdaccd5c7a34aee,8c178eda2cc175fbd1bd2f8bad9dab2832907a3c7ddc75213af2445998d1f2d3,gang49@example.net,"Dietzplatz 65-88, 67667 Recklinghausen",MRN-396020,Obstructive Sleep Apnea,INS-451436694,faker
Bernabé Tamez Galván,bf5c3ede2ccf69de4188762fa1893b1f72958680be616b980abf1d1c22fdc365,5ad2cd88a4c793500a0dccd57a24fde1f8c436796b1867c5345107fceaed5d2e,f993b01ffd83684346f20cef2c56fbd6d8d9d90c1b5c9e5d9e9943559706c7de,gilbert54@example.net,重庆市南京市海陵田路A座 238156,MRN-941204,Fibromyalgia,INS-889262019,faker
المهندسة بثينة كندة,f02d188922e17914d5b8106bdc1abf098fde6b5a01addb11cdf5db6dd87cc14f,bf70ae2756e27abe17c141455a96c95581b0b2a688ca2af61792318d4465706f,a7e629bccb8fb927e5bba387209672f6a8e8c905292deab08e4e1428f6553db6,rbnw-lyv@example.org,"35/37 मेहता, धारवाड-765158",MRN-947935,Gastroesophageal Reflux Disease,INS-668473595,faker
Dara636 Joycelyn213 Spinka232,50361c09f459fd9151888ae8ef223a9f6ae62922017035df88293cc8003f9142,34ffc097739d04c318b5fbe8b0d43faf82f0ca071d2fbab4b7dd956dc476f7ef,b6b28590cd60b7c1d587c015c8b12fae629c2e24c518cf95824b48bb68b7999d,bmtyr@example.net,"302 Corwin Corner, Georgetown, Massachusetts 00000",MRN-9C9797,Medication review due (situation),INS-892904680,synthea
范桂珍,d0a2965c4e1d825cdc57d3f89726efad10eb9a8f1d287feff8ce711cc7f65772,102fa5bf0def49d36a34fc080e6a918f190d2062d5b2720461909c2a2eecf73b,d00907ba5b08229986e2d160886ebebf7c2f6306c56f48cd2a3409d41482f9f7,iahluuvaaliyaa@example.net,"30621 John Ridges, Samuelberg, NV 78751",MRN-795951,Fibromyalgia,INS-788702788,faker
गौरी नाथजी,bd2d0c797faac8af6a149b77530bd64bd5c990e41754a09abac72fd2c0d8b020,a01fbea57fa5f6400f4f2c02177e44620c7fdb81e2c6113b4ca8a7b6b9c4ebea,ce3654c8f1df4c95b5bbde25fe3691e8161ebb5ad814e22dc9179f4bad86a62a,nasyf46@example.net,"64/987 आनन्द यादव, चंबा-374896",MRN-651002,Hypothyroidism,INS-436889280,faker
Tracy Allen,090470562fa06d8645610273973db6e8fa686a9d7ce22b9e5a74c085466a221f,56530d22a138968cba4be40cc8fa5063834776a5e7f8860c7cd218b271ef63fc,6e5516e462a090c91fe2c2142926666827cce37c4c136e343745d96fae2b1b37,rwbyn13@example.com,"Kathi-Döhn-Weg 36/57, 80701 Kronach",MRN-186702,Gastroesophageal Reflux Disease,INS-565906941,faker
Nicole Melendez,81c46ac93e0b64bb9b123ca18dbf7f7c30f5f974964a5a1162c125c879220eb1,a4d8f44ef4fdf0ca1d2eec41e03db43cd21842b7776f594ae049f45c35dd1ddc,c6c291ee5417e70b48dbd4c5d9275d284421219079b145d53d38c5be5dfd9fe3,cescobedo@example.org,山西省海燕市房山陈路q座 822681,MRN-506951,Chronic Migraine,INS-526656677,faker
李玉珍,ad22a310b08e9c6a3ad006882c45854a97fad2962cffbf94f17b51599bd5bbd6,19eae49334cf0c364efbfe33c6c4432e0e4a711dc40fb29c6e14a94ea9dcdb06,124c892f1e0ec505f0aa629691500e358d761bd5caa5073ec898d84cc07079c4,zhlawyndym@example.net,"550 Rachel Spur, North Patrick, OK 08157",MRN-333524,Chronic Migraine,INS-790756707,faker
Stewart672 Rolf983 Johnson679,0d9a0558b80771d3c2dae5ee20a4c92c2284aac5f9b6e3afff68d412104f8b03,8329b6a1a6313dce91a5cc18fe6866e1f009f585a39b02d42c17712648b1d912,d7651a1f103d886c36f8222ec3c612747e3aab4e6383875029c91612963a52a1,pruelas@example.org,"617 Hilpert Manor, Groton, Massachusetts 01450",MRN-71CB53,Medication review due (situation),INS-116499677,synthea
Herlinde Röhricht B.A.,e649870650c711f3f8c231398b7dbc4cdc7c20b861cdc33fcbb058225242192c,fb5b9b9e3a0cd00994227eb5955f8e60659702b188802569e9c89d8e56ff28ab,4c2e860594bbf4891a1b6159a7396c5a28e779ed822e9bb982207bbe33af42f9,kyaadv@example.com,"6553 مرازيق البقوم Knolls Apt. 253, North ناعم, VT 62856",MRN-446663,Atrial Fibrillation,INS-102939907,faker
Aldonza Isabela Urrutia Vega,ee4792a5c6d4fdb01a03abcc78111032f1a2b2329bf37647ba71fbd9d0e9cf93,51b794e9ee660546f0e39a98ad1da1ee384a1527646f0201fdcd45134830e984,66d46298a89661df332929f518b4b34b37e162d55a221580c410cb26f1cf8e6f,raajycopraa@example.org,西藏自治区桂荣市城北大冶路i座 926801,MRN-879779,Gastroesophageal Reflux Disease,INS-583258726,faker
Herr Micha Wiek,ed526e6e35fc2a34e37f461c281012234c5536784a02463ef565fd93e15fc6f9,2014cdd4028df814ce2b3163b2abcd2d0f680c55ff34f03363c046a898a4575c,84e4494fbc56dc36a026361c4aa380fe6943e26451682da05a3741815d1529e3,lmuniz@example.org,"0816 ضبيعة Center, North قصيدborough, IA 49606",MRN-288066,Major Depressive Disorder,INS-116812751,faker
牛玉英,5eba82c42e99137abeb957619f765f1ccf513d206ff04b9918271ad05ca4f187,26baae29f3f50a7dcc474b6334bf21c065579ed076fd328bcce6c4c5f26dc90b,57779df02254a5e6cb57b2db334fa30ff21e26be0250bd778475aff0829f3e03,xiuyingwu@example.com,"73/99 अरुणा मिस्त्री, बहादुरगढ 648408",MRN-925206,Anemia,INS-320337809,faker
Caleb651 Gaylord332 Reinger292,ce36385d321d044d1d9babf6582d2b583603241dfecbf993159a7eddf49477b6,703adfff30d25a3beed4dc22fa1d30984dc8869e8ead913c921fe154ef475ee9,6ba820ef862f7e344305e40bc750159f35d13151dbd1ee446f89108ee35c8854,bzeng@example.com,"391 Olson Landing Unit 1, East Dennis, Massachusetts 02641",MRN-5268EA,Received higher education (finding),INS-844594995,synthea
Quincy153 Langworth352,a057e791e3bf98cc09014b3d8b6deefcf76b2ad30d6157d1cf82d66a80e9844e,8f9c79b63aec15011753209a18609c3819e8c2bc261da31f7bad8d141cfece80,a33e480c6d5dcca7085dcf849c4c1163b14bdbcfd390b6f48ea9afbc7c317d1b,sarah23@example.net,"606 Rippin Center, Swansea, Massachusetts 00000",MRN-A31F97,Acute viral pharyngitis (disorder),INS-714469480,synthea
संमानित प्रेम भरद्वाज,e8f8358977d8a67d5d9fed4de080d45be443383d639ea13b7f106eb015e8797d,560dc398b142f24b4b2f54963f1dc19d6ac8654fa32e3ca03dbcb37dfc259215,f888464ed61a14a8276ac2c15f282ced46edbe85f57e5769745a22a7ccc4498f,jonathanbudig@example.com,"8463 شريف Dale Suite 179, بنو الدئلfort, ID 42528",MRN-403578,Asthma,INS-534900128,faker
韦浩,3e08860876ce3f4ad1863a10275a51d3a7ec2f22f369e37095545e2aca60f3c4,1be3402c1564384d7069c7041680d055052a531bbff908460ca69409bb4a1a3d,960be31a47a8274fe20ee4678a932096276bba4cf6b376a06da4f1a677a3fe8b,qryrym@example.com,"9055 Deborah Squares Apt. 832, Johnville, SD 63218",MRN-279516,Fibromyalgia,INS-770529419,faker
Janeth814 Crona259,55fa146071e8312b9e0ad0e599473163b854416140e49ca9f76a7de1dacd6640,adeb12e00af061cbd71168ab18fc6888a193415866efc93a3f8ded98e5edafc1,9e9d3a49de6daae84187f36b45f60d476e27e25b7635e1f30897c9d357b6542b,cristina13@example.net,"208 Jaskolski Grove, Wellesley, Massachusetts 02457",MRN-9C788D,Perennial allergic rhinitis (disorder),INS-991596102,synthea
आदरवाचक शशि दासगुप्ता,e1e931b8cd8c3f611978c5c85cdfaeffaa71d57744436ee821453a03593bd906,ba848adcce392b010843c69ef484eee90b2e397a0e5036cd74434fc782fd5fac,a0fe556f877dc616451c300ec97c4ac6471105ac464404e5f9b67e88466e4f0e,jrodriguez@example.org,"485 सेनगुप्ता, देवगढ़ 997024",MRN-203225,Psoriasis,INS-855797020,faker
السيدة تالا الشرفاء,ce02fbe454c00972eb0d5051314e1d3c443f24136f32b3805064f5e860f66ed3,f245a8072fbfe00a7db9e7cccb0098d1c8fbd7ae63384c1050524e142182de3c,4a3ef210a17b5526b52e7f5dfd0c7297a7103ab4d17e2f8591b8eebe5f750c88,james30@example.com,西藏自治区明市城东北镇路Z座 366765,MRN-740967,Hyperlipidemia,INS-588999385,faker
徐兵,50a381f465f1b1c48d87ad4176680b819b94b30772e852a64542a151d1d9a928,9e9845546c8f8a18eacc73c9ef0a600569eae3d00a027d6eab37e4833ce657cd,46c6121920c183fe6255157924fa7c8a3b8a5c808da94ec358eeac3c5f41a771,cttrjiishyaamaa@example.com,"Ampliación Saint Kitts y Nevis 883 070, San Lucas los bajos, TAMPS 82741-1767",MRN-945619,Chronic Kidney Disease,INS-465887237,faker
Juan Carlos José Matos Saldaña,9ace8ce1ac242ab09fdf0a3340ed9ea7fa7fee6881562b95f2ee0e62d985e8ed,dace5042c85844f647abbf810adb2436b43d1e4ebff7fd7f3c146b10f6890e33,aee63f05b624090af9e05b5529cd6ac9b1723384e77305860211253bd1e98dcc,ibny-byat@example.net,"Privada Norte Tejada 361 Edif. 968 , Depto. 931, Vieja Afganistán, JAL 58721",MRN-320073,Chronic Low Back Pain,INS-731278472,faker
Agustin437 Miller503,dce6dad0bddd22517d93600e95a6e16be6b4f44f10e4c34a8f0426820e0d62d6,0369e99b626afd3d8e536dd9beb7f570722b74aeed5c95cefa59d3581e66c4eb,60ea575cdee46ee3c6b927508037b070dda525c68d92cd06b2fe19e2baa846d3,millerjimmy@example.net,"662 Emmerich Course Suite 20, Nahant, Massachusetts 01908",MRN-6F982F,Serving in military service (finding),INS-615346649,synthea
प्रबोध मिस्त्री,374938fb8594466cbfb9e952726c8bcdd7854b1fe9d2e151645bfce46c5122ae,d48cdc23848d28323bd5bc16cdf4d508e58cde306e193666716f90a05a9a0b51,86b54ce19ba6763cf9d372b449f7b6d688405c6ccd67ae276e2fd3829ae2e84a,manderson@example.com,"7722 طائع Bypass, إيادview, MT 29671",MRN-261745,Coronary Artery Disease,INS-294181873,faker
Carylon722 Eichmann909 DuBuque211,c86478a2ca05a0cb78dee8641db5bad556c141a4605f7f2537950e0ade3b38db,1cebbf6f44ccabb27fa8ffe9c9ad0543cf489c8d6e03a225c40bed0c0090758b,d02ae8d434e6c9ef369494fba847324d4a77be3570aad849b27a5846edbb91e1,wlydalhaby@example.org,"825 Blanda Station, Lanesborough, Massachusetts 00000",MRN-51EAF4,Housing unsatisfactory (finding),INS-617024564,synthea
Mr. Larry Carey,44372d122e1b3dd1296e5a064a8f2d74e78f99d0536fe78ce61f35ffbddc6c95,8bd07784717faa4e80a90bd2a872b3db7d74cf124891b25ab756d7fea8fe649e,229f743ca42ece70b0b85d3a385d1e26c9535d62a2761a4f9e70ff6fe9bbdb5f,ccodhrii@example.net,"65/9916 राहुल छेत्री, लखनऊ-498643",MRN-951201,Chronic Kidney Disease,INS-697398528,faker
Jeff859 Jermaine675 Muller251,2cdf2aab0fb0f855e3477182533ee7ef4e3a344905e57d0dd528868bec52207e,da7a05bda56583486096bb2a67bf8108fe002265ae55f3531955bf57859c8bb5,c426bc818901f23cd79a51b323faaa30594338f2aae6aa6e2ed765628405e2c6,swlad-bwezyz@example.net,"563 West Track Suite 60, Medfield, Massachusetts 02052",MRN-10F554,Housing unsatisfactory (finding),INS-476365632,synthea
Sandra Herring,513ec4dca3791e921ca2eff82075985b0b0c4dde7d6f53bfb2c9a8d1411a1b63,cde292427ce02ab6887fedad8df934b1fad03e18fc34515c5a6ccbbdb955e56f,758cbdf0e85dc7358cf820d4be227810230e7a0d3ae7e2857f956a9be549c48e,hellwigdorit@example.org,云南省嘉禾市沙市南昌路A座 290785,MRN-401769,Asthma,INS-715766024,faker
Delmer311 Emil691 Moore224,9766e6db37c51c7ad3065f655f962765a67488463e56493931dd8e9a4b7bb5ac,22e34541b5b75ed890bf783ff12ef40154396f04d275905b7edeffb33dc7a8b7,4f69c00be017ff8af709ca06a32f5a671882462a1790d6226bbeeacc5d9de5fd,yuridia39@example.com,"564 Sawayn Camp, Newton, Massachusetts 02462",MRN-684F60,Adolescent idiopathic scoliosis (disorder),INS-267851051,synthea
إخلاص السمان,4ba338eb6a0adf86808d87327732e5747f663bdb13281a55c4f01e744adfc5c2,d582c4547557d43fe4e6e00207855ef7846d0a0cfa76d00d2542f4d3b42ec78f,5f49eb9a2525dc08a1e392646ef5ea0f4542c1d65392ca34bb48e956651a1eef,almmlwknjwan@example.org,"2 यादव, देहरा-793110",MRN-897423,Atrial Fibrillation,INS-261669421,faker
Blair400 Jeff859 Haley279,230923b683bf15edba06cce84dd8954ff41221a8804f1f8be7e9c8b355f7be1a,2063c1d624d85726e6ec0614e2c898e48340a31cc01d7e13082cf7fbe3f73b12,56a355fa0158dff8f52cf369c1ed335fd1e5f1cb402976a5ae6fc10712de5ec9,talya81@example.com,"643 Boyer Overpass, Springfield, Massachusetts 01105",MRN-805037,Housing unsatisfactory (finding),INS-172535838,synthea
रघु मिस्त्रीजी,3594298d4293b1178ee54a978ebedb42002909dcd7006a2392ce7264295ae3fe,eacd972920775191720d36d3a14a2819bdfd3524d9b33d564de6900d33c1b8f4,770cff405e27928e2b15856d0d344c9f469c9160ff21253b2a85456629421fe4,bnw-mhdymrtqy@example.com,澳门特别行政区金凤县合川沈阳路I座 250635,MRN-154040,COPD,INS-504981031,faker
حسني الأشراف,acc667248e1c8ebedfa8923154f1a6c484f06e183d5f50841a762b562a570c52,86a31310657baaf162e69037e7e70e7badd834e89cff8184d6db2c714b3b7d42,a4b6f06adea6f2a67e0519606983c017c7504f4370d739a3964cb28aed50df7d,johnwells@example.org,"5/2 कशोर चक्रवर्ती, फतहपुर 496631",MRN-518373,Fibromyalgia,INS-797801251,faker
李建平,47421747a1865baa792ac9525979f9d7edd8b798d6e5725dfda5970f71ec07f4,68f33b8eb29c073c2cd566658b6f45e4d29f661bd374e12b4f4ca0577ab708b4,edd5bf949b10ede7fc1d4333f4c252382f89c3aca818bd20503669a7ca232efe,alishahutchinson@example.net,"Rohlederring 30, 62588 Neu-Ulm",MRN-258067,Generalized Anxiety Disorder,INS-126373949,faker
Kimberlee228 Wyman904 Lebsack687,62313409045f4ef610dd405a23bcdcf4abf1e84cbfc21220d9d3afb91c9c1521,d932d98729365b5568deb20ccaa78119acc6cd4da85be143a1f8f182db1a9ff6,d943af20c268b89b158c3e9e96b7fdca3867cc847bd4a800c0ca690cb48b940d,bnw-sed-bn-bkrfhd@example.org,"247 Emmerich Estate, North Adams, Massachusetts 01247",MRN-D3BD81,Seizure disorder (disorder),INS-485253781,synthea
Felipe97 Sancho742 Prado282,b63a07941c6eb23f46f1078a2268252061ba8dfe2e5419e72946e24fc5729ee2,98f133a9908b992f10eeda78b5197854ca7b9890cff39e0683aeb02fb810ba6a,3719d832a4e1b165b0d9383e2080bd9039f2da2c5e944c9655d0d3be65255c30,tabw-eyd@example.net,"442 Lowe Light Apt 12, Lunenburg, Massachusetts 01462",MRN-05F179,Received higher education (finding),INS-831856709,synthea
Madelaine318 Kirlin939 Williamson769,00e045ad44b3fabd4876b189cdb542b809c5f997eab82e5effb643d56215d379,d30840945989af6770a26c48e648bf47162593e781183f67c416ad9ad4d42caf,3a449c0fe33a9be87241012ac943d7b2ba308028868b28ff4cf443631f35f09a,turnerjose@example.org,"350 Collier Vista, Belchertown, Massachusetts 01007",MRN-7A9754,Received higher education (finding),INS-105188198,synthea
Dr. Armando Lemus,75d64726ebad8255a08f3dcaf9f2aae3b1cd13c13523e38a947960a583a4ee0e,539be6548befb9eb8bb354d9ed4b42c7d6f8297eb90db99632151a231770e3e3,7dab0d459e52d81fe60e78e0e6f8897b8af72d1d770c22017a0fae625d9007cb,dingjing@example.net,"Wiekstraße 819, 54669 Meiningen",MRN-550513,Congestive Heart Failure,INS-631196129,faker
Frida Blanca Toro Rentería,f94f01db078f125c824adcc6e4123de946a6b34fe857e0240f6d2ab9b7a44f30,9675f2c88949d389cb6b0ec3eaac50b764879a09dbbc96ad0214e91bdfd5f7b1,1341e6d6c1b32ca4cfef8d2703577530e21cc7e071e24103c79a4f45e1f88e81,ebd-alrzaq06@example.com,"274 Alexandra Corners Suite 376, Brownville, VI 37227",MRN-493417,Psoriasis,INS-374651533,faker
Chantal Schmiedecke,04d9e8e23243672a1c3ef07ac63282b373075602706d1b7cf9fddc14a2a0562b,fe385932c272613f0aca2df3ce0e5c390cfc58481a6462e5fa424552772380c6,0e758f762316109e8621809ec72aedc90d41aa9736e1835c80396006fdd23cf1,albinaschuster@example.org,"0/4 रोद्रिगुएस, फतेहगढ 919541",MRN-912617,Peripheral Neuropathy,INS-606382505,faker
Odell776 Bernie827 Dibbert990,a5079f39f9c048b2ec0b9c545cd92c26164131c80ccdf444c4aab6f7f66024b3,2cb4bb9b4bbf199e4ded67486dc64400701be5675e6ea36305b304c8bcbc9116,0a0799074a7241033985a9a44259e1611389c78db35baf87a276f649cb24cb6e,dulcenieves@example.org,"961 Kemmer Road Unit 27, Methuen, Massachusetts 01844",MRN-2015DD,Received higher education (finding),INS-307767506,synthea
Mónica Hilda Zapata,470210cac97b81604749a2d7fbe5a9da850fe6ff8ab017bde6c4a2c276a55af2,7e89d77769790b8b6e218ab85a7416409639c68af1189913b12d9222ccb687c0,42b487520152847760952341296a2ef3616da3548f3fb112d890d2ff5d5277cc,rosa45@example.org,四川省宇市双滦张路e座 696421,MRN-412170,Type 2 Diabetes Mellitus,INS-582896428,faker
Rosario163 Pfannerstill264 Howell947,88a44ac56ae3b6d24a59cb6b158f4452d85fe03f234eebf47fd4638206821087,1ebcb66d942cfb96b802e7b31ae103dca7e1d9c563a6e726324f7a6cc31920b8,9846b48289caceedf4fd0f269f3923930b3f22f373ed3b0492417d2f518da8ad,ealjelyyn@example.org,"109 Kihn Mission, Northbridge, Massachusetts 00000",MRN-882266,Received higher education (finding),INS-852498189,synthea
Irene Cordero Gracia,1afb6989d62bc01282dce3349a149598c71368e294ff6a007f4637192240526b,d15a3af26656adb43193f494eb69c57209380b50422981a2fa76d63be25197e7,d3bd85e29545a201b27e6ba68293a8b655a6013783f9d8a92e4de9e18105b945,jingyao@example.org,"9979 بنو لام Drive Suite 177, عبد السّميعshire, AR 46630",MRN-519093,Fibromyalgia,INS-675757257,faker
Annette Lewis,236184d4782be690a89f9036f95d5de97f84721b3e51315950dc5d058d8a4f93,1bafb3c94192fa7f9e5b32232b20d07b671c5cf63f2d79d358bc4f9cb36ee009,16ded71acb1c663fc1312c10effb3590aabf795218a80fad23e4354cece35882,qiangzheng@example.org,"Calzada Sur Pantoja 517 182, San Arcelia los altos, NL 15716",MRN-520884,Irritable Bowel Syndrome,INS-143223380,faker
Bruno Darío Castañeda,306badb976c99774e90ea516d82f11df6d76beadc99b44eae3ce31df5e68c72a,ee803765b0767e85254a77dbc75809b767bcaaacfda99532a839a6851f77bec5,a9dd964e9262e758fb92bf3ffbf4b4ae6dabb91d8b2b0e16a488a864b2d86c63,ylu@example.org,"Privada Saint Kitts y Nevis 940 Edif. 438 , Depto. 983, San Silvano los altos, CAMP 76137",MRN-901909,Fibromyalgia,INS-981994345,faker
Reina Anel Reséndez Pedroza,cff6cbcab493210f294e0b6cc10b044855e405cf18e3fd4ad02b2f5dcf69ed03,24ef3935c1380a5988bbc94dc9b4f4c0b8757162cb9211c033e11953ffdad320,f5e47f19af2d723d76fb105d7c357442db24d8197c31cb53f62bbeda62ac4bc7,zewydp@example.org,"Cerrada Sur Sisneros 083 Interior 172, San Virginia los altos, PUE 98687-2774",MRN-260263,Generalized Anxiety Disorder,INS-918739736,faker
الدكتورة ميار بنو ضمرة,2582c3eb6a92585df5a5fda3923205df146c36f7d306e86f04c5b3d1d25d44b0,2f71739c59145d7366d2fc5f45ba03dd030768d42e18e9448baf8bad90119b1b,3a07e1d72546b5ebebe98fd772055c67e5004c6596adae0c5df0309d3366c063,tangjie@example.net,贵州省广州县沈河韦路q座 271709,MRN-833247,Obstructive Sleep Apnea,INS-123557463,faker
Virgilio529 Jay242 McClure239,0044db904e3c4da47ca48058dc4b62350138d1206a064df23a71e04711dbba47,ad08c6eb0c5b5e1a43eff3cee88a4ab60fe6dd826c045fee6d4046cde529aaeb,76f78277f535ff0cf17890de4daac1fe2d534b4594ca0984a1b66ac19ef4d990,murilloantonia@example.com,"524 Greenholt Light Unit 91, Cambridge, Massachusetts 02140",MRN-B9C777,Medication review due (situation),INS-626725060,synthea
منتصر همدان,1ccfbf10e638db4963624bee797c8a7946914966f28bb670bdeb82e17de6e794,e3bf10e12d08d3c6d044a5e3c3c0c114addb5efb0ceee7c1a46dbf1511beced6,27b3a9636608c1b113511a800e030469393a351c395aa4b332780b4576394e0e,daldswqy@example.com,"3329 جرهم Lock Apt. 557, الأشرافland, NJ 15297",MRN-670511,Irritable Bowel Syndrome,INS-944403809,faker
Joi660 Sharolyn456 Shields502,b47bbdc2db09d91c80657dc93691a93188c81250d27da2fd14c3f902e79260c8,782695936e876691bf37f36398c5d659ff570b2b990d4e266f3496ae4bfb5158,23c90732803d638a20ae52211f6427e5494eed4ed8fc4f605206231ace68d27d,jaquelinemaya@example.com,"568 Wilderman Frontage road Unit 15, Boylston, Massachusetts 00000",MRN-CD00E7,Medication review due (situation),INS-680075399,synthea
Francisca486 Godoy454 Rosales49,0c7f1de555c2f8a35ecf1acfbe474a5070758ce452ac16bca6c8dc628b238443,5b713a3bf5a2e84303eaecc4ea00f22fdd9e4daec4af228100e9d98177dfdbbc,8f334c7d2c0ba9eb412a584fc7a416c0306e1ebf68e21ae276cddc809710319d,marthagutknecht@example.net,"1038 Runolfsson Pathway Suite 9, Peabody, Massachusetts 01940",MRN-926CC5,Risk activity involvement (finding),INS-537692362,synthea
Dr. Emiliano Medrano,33c0faa8586fda5f1b093b1b16e9cf9922974bcc1e55835e37713e9fa30db978,a28e592e6a52ac8ce6c345caa4574de2502124821fccf902e385e5a8d3aaca99,f27c6d7d38e092de596382cac8a90c4c1f41badb44c61f9e3f157c1138349347,gang43@example.net,"9/8 कला पाण्डेय, फतहपुर-299590",MRN-387936,Rheumatoid Arthritis,INS-183197117,faker
Bertha Hentschel B.A.,2ce83e871832904d47abef4756c25acf773880a1b00c84e012c3a6c535287286,a98d3a1d21828ff1a634dc51294625f721d0470e737567a4639272eb0d68740e,d8908acdaee3a8bb77892fcae38eade746a8374bf36d52929c0897d4e8f7d01a,briannasmith@example.net,"51834 النجار Plains, Lake وضّاح, OK 62454",MRN-910620,Obstructive Sleep Apnea,INS-185675980,faker
Emily Mcclain,0fd2b11a22e2b7e7d238f3e220f2477710c6814e4c49076e59d00bcc23dded7f,b12a2a9fdfbea026b406deddc6792fb054d7ca6eb49160dcd8b9434b3a92b75f,64fbe4838bf4534c6c366dbce056a265cd1a63674b263c9d4df3850aee3153ec,rodolfo85@example.com,"41098 صبور Plains, هلالmouth, KY 19055",MRN-117233,Psoriasis,INS-653380476,faker
Britney439 Daria61 Gottlieb798,61c5c001c430d176315dc69c43b918d1119b9b05ec32ca749736e18dcfe8eede,e9f19e73dbf8c7a8f08f1063fb181e2a6167d519211c486dfc269d6945c16dda,4750b5dcf2697aa64b6d231b92d8a93e1062b28cb3acb3447ea2f08e4743c88f,lmah29@example.com,"570 Balistreri Mill, Mansfield, Massachusetts 00000",MRN-ABE967,Educated to high school level (finding),INS-855631043,synthea
Beaulah36 Goldner995 Koss676,0587d98934df01f104cae1c967458526efcb7379255c1c460887e8547d05cb2e,1cebbf6f44ccabb27fa8ffe9c9ad0543cf489c8d6e03a225c40bed0c0090758b,5aed33fffdfbf61f1b1b94ddee6736cd3595e3357f7193df46396dec5a1ba01e,shobhaaahluuvaaliyaa@example.com,"683 Halvorson Bay, Lanesborough, Massachusetts 00000",MRN-62C6C6,Received higher education (finding),INS-635796460,synthea
缪敏,86e3813e7dbf999d27167d4c9f2e97e56867dffaec06e059e5d71bf0adf94446,1f657352167f051ac5f27851df953f921de3f3fe954b9a19b1ff3b9ac00c72d6,7431aaff3297b5c4513281dae60bd08ba5b1553596b125ab8be0c4db87e96bf8,bortiz@example.net,"60/334 निखिला मालिक, बहादुरगंज 371478",MRN-360247,Asthma,INS-699226355,faker
الدكتور يوسف القزاز,9c127b8283e5ce3092feb48f2cac34da0f4d3300902826c04231c8e9b3393d65,b5fd10122c4340726bd5a1f0c6dc2fbdf102f15f2a33ece8d9288ac9afea63f5,940994e2c3e3d5b7998a650ace33abfb095118b57762178569ef78d0e990a8a9,umisicher@example.com,"Frieder-Walter-Straße 1-3, 62650 Stendal",MRN-413433,Non-alcoholic Fatty Liver Disease,INS-688202182,faker
Dane516 Mohammad578 Prohaska837,06bcb0606d752aac8c7a2aa46e414ae43fd0a51281bd70c4b4649969b741bcc4,6ef0111b0e92444cf1590c32a1c70eb7b5367bbf7a4b8b1c213d2f40374fc7e5,31cf7e499a3709d611bcce003f4e67cd4a90644a1f790c3191609f5edfecc277,jeromehenry@example.com,"155 Gislason Divide, Hancock, Massachusetts 00000",MRN-6B5310,Only received primary school education (finding),INS-819766863,synthea
Lene Hübel,50884e8e74075ba11c9622555653806648fe8524c8a2309722fbac0b9c2f3c83,7c6e392251b5f78fea6f0152a2280c12702756c9e95894e3bfc319deb394cff3,4c3b3df2c9ab399c646053920575de3a4627c3cd21730debe681487d177bcd34,khill@example.net,"Unit 9743 Box 9533, DPO AP 33351",MRN-663750,Congestive Heart Failure,INS-643189555,faker
अभय पटेलजी,be4128e1fca5e668aeec980e18c1cf086536478ba049798c383777f9ad839d5e,70f03c9675cdbe89159209a9cff8fd6347155d54e8d34a20997069a205b90715,cf68ad05a55ac9df2eb0d3fac3298978fb7cfabf0125175e75080ee6d966aa22,reinhardt99@example.com,"Prolongación Oaxaca 519 Interior 098, San Gonzalo los bajos, CAMP 80085-1403",MRN-970720,Fibromyalgia,INS-598885034,faker
王志强,5427a71b68805236070d02414e5e820dbf19681447a3ca4a0bfa7c227623b193,7fe72133f0a7a40ec9735fac74e6784d860a7c3752733a77c4390351bd11d192,82c6aeb18e1628b7dc842af1c12e91b67eaea3f475aaccaddd50e0f5714f95fc,qalrbab@example.net,"Calzada Norte Espino 516 Edif. 091 , Depto. 779, Vieja Albania, CAMP 97829-2216",MRN-616554,Asthma,INS-204359116,faker
徐丹丹,a6c8c834d45ad161ef4c42fb66c3bd20f4da4e8ec59d1f7083c7602deb4a3300,985b0e5ef9ae316b5ca204e26f8e231898a3064c9ae0f2335cca60113c659698,75d6d551db89ca3a2dec36b0fa37c95d7f9bf1650cecf4b11ae5372064a85850,gbnw-aldl@example.net,"Rita-Löwer-Allee 19/24, 99049 Zossen",MRN-783823,Chronic Migraine,INS-997677788,faker
Marliese Drubin,39cb97b6176085523a50d7aac809d4c82d852142f331baaccdb720e33f5a69e1,ba7f0e48dfb08dcf9e26b34fbcd7bf8f6d0742ff8663a9b95396e04e5cf01c0e,6d156b1fcfd8feee5dc95e10164e992fc4c5b33502a71beb1a2ab09425b44eb6,jungao@example.com,"Privada Norte Terrazas 339 Edif. 187 , Depto. 851, Nueva República Centroafricana, HGO 25871",MRN-706794,Hypertension,INS-434961542,faker
Mariola Hörle B.A.,8f43dc656748d39f0316db36f1aa5cb7c00299cea635da051c9d60a044ca7757,f7034ff75ff73a3daa6f9d4cbca0af3edeed2e72c4fd7da0f35acbfac5177746,7bc3d0095ceab3b2e58704d06830085ca8c15b562e923a6acb132e3c2bf545af,diedrichsaeuberlich@example.org,"USS المملوك, FPO AE 18924",MRN-262959,Asthma,INS-276496293,faker
Richard Chapman,716187ce2596f26ecd1c8174187a4394a83cf1f7d4fa1a3a5a386c331f75453a,932e78d58f4408086399879e908d3867e50ea2b43d15975e20fb129ee793fa57,cc0620509ae8e3c386839c0a7d84df90df39809167b6d2c609b14a80ceaf7a97,fuping@example.net,"5891 Gordon Ridges Apt. 847, North Yolandafurt, NE 90429",MRN-678478,Non-alcoholic Fatty Liver Disease,INS-559225330,faker
Claudia Rodriguez,9d8426ec6d8a83f90c63f06486a27fff0fcce4909fc33432e1628781a697f61c,26c17bd9104149c5c2181280ae19b7be108c2ebd12a3fbfc1a191d8f08de02b9,e0a18c7ae60bfd436b743d1d1aadc76ca101dcc4bc9b417cbc349ac935521b28,hanlei@example.net,"09792 Townsend Gateway, South Christopher, RI 44858",MRN-913934,Generalized Anxiety Disorder,INS-476990466,faker
संजीव मैतीजी,a14ddff0f528d2b303bd403a8aae62d586fff561533a6633fb9893e23e2ded32,10e4f244831055d58f9e4b8e4258f1d5ddc9d0c1dfc40a99e688bfd0b2c3a74f,49712273b524ff9b56b91906bb1bb10de75ccdb713fd5a1a26def55f8da5b1cc,mvenegas@example.net,青海省楠县山亭林路W座 143320,MRN-898975,Coronary Artery Disease,INS-645119047,faker
प्रिया भट्टाचार्यजी,adf306a46afeb108f0953499402b100d1d9cc5f8c57b55f14e3701c4cecdcc79,759ad5cfc5f927677e479532eabdc77938e64fb114bd2b4533a24b3b80b7bd21,67336f79b6dfc0b1c2562a44e2be02894629cba699070a9373d6ecdc62cd1f27,nespinoza@example.net,"Telse-Schuster-Straße 965, 63128 Senftenberg",MRN-772741,Fibromyalgia,INS-253387313,faker
روحي الظفير,a1a2ac71d6102267744e1e1f116b2821618fcf2826ab65caa75cc08137c918af,467750d23ee0371b3dac4247634e9234202ae0d89943f0dd21f923a357d7d76c,98d47647e5c91cb62dcbf4562492e87e8c2ac7383b99164b5ca2d91147307981,alqrjwlyxlf@example.com,"Boulevard Sur Pineda 749 Edif. 946 , Depto. 579, San Indira los altos, NAY 71147",MRN-722565,Major Depressive Disorder,INS-644725317,faker
Sarah Brown,02f977d16fe39c6dd144ec5f4881a9a6910a624a6a13477b36e6ae61c41bae24,6e99c09b641c3479ca8a654502e94cf2a17dd8dbdcbeccaca618fedaffe21ab0,260d490cd06ca869d2c73d74ef994b8ce2cd2a1f0000180648f7d19fe831c3eb,mark68@example.org,"98179 شتية Rest, عبد الباقيhaven, OK 82190",MRN-466566,Hypertension,INS-545492166,faker
Tammy Williams MD,ba5a4f80915c0c81ce3fcf61f0cdc6795a84ecaa971851dae14154a77b3b7794,2ddeffe0b9e8f1f3f19580e0ea770288f508de87cc58c91c1492f49a20ffb11e,5cac1adeebc31720fb1a5cb00b3d66f5551f3fd6c9c3f4a1c7c5426f70cacb09,udowerg@example.org,"2284 Brandy Avenue, South Samantha, IA 65789",MRN-386090,Congestive Heart Failure,INS-968457290,faker
Isabel214 Griego535 Padrón382,e0ba3a0dc2bb77c01e08098a4980709e5965f6cbbffe0f6e00d680d6793920a9,d269f8718fc6180a4d645748315c5477fd18bddfe41a606c399cc8e52d302980,4ca7d697f7507c8cc94b53bc9448eaac102b5ed365fe291ebd0402f760e57aab,liuqiang@example.com,"494 Connelly Gardens, Pittsfield, Massachusetts 01201",MRN-6E95A2,Adolescent idiopathic scoliosis (disorder),INS-205444031,synthea
Mauro926 Richie600 Smitham825,e1db6a7cdcc745dbb9a1057270f4b5ff9e7b7264b7cc77c7f915077a3b2e359a,b72052e4ac3a441c8d7dae20560283218c34b217755f60028119e3fd256272d9,f8dea4a74a7fb09e4bbeb6aaf3b591d4206ccc5343d784ef1ef0b0dd367e66c7,ozorbach@example.net,"382 Lind Brook, Boston, Massachusetts 02110",MRN-3DD50E,Risk activity involvement (finding),INS-579125557,synthea
Victoria Larson,64755beff3f8e83eca66149bb3bd107569ba0405359cced693d65117851275c2,a7075fba15d0759feb0b021e238ffda682bb48cf27b902641a5bce09e1f0fe36,b27faaf3c65b68852b0db701e3a25bb571b4ac6cf1f656762ce33f539a235f2c,liujun@example.org,湖北省西安市静安合肥路L座 734419,MRN-437145,Peripheral Neuropathy,INS-610702777,faker
詹丹,a7471113330f099f0d2d33d4946a29baf784ccd19f1b4486b2dd9e4d85dd81b4,c93a5a752ecc351fe699baf40b6baaf1034a649bfe79e0f458d4ea5c31cf62e5,e7b9fc009f894f5c0bc96096decd35f2c4dc9255e7bd9245a81c127f7faaa24b,guillensonia@example.com,"Diethard-Holt-Straße 963, 80657 Ilmenau",MRN-173201,COPD,INS-929653607,faker
吴雪梅,624d75ac0f55936bc38596211a7f393abf0fa2baa1f685b8438d89d8a311aa89,f85ba671a0048b7a838e873fd81e91a7d56400ef8da54fefd19dc6de038f260c,0b4d799023e327d167a89c73ae84b09f2d31949e338ec98eeedd57643fdeae91,pinghe@example.com,"Cerrada Tlaxcala 597 107, Vieja Tonga, SON 66941",MRN-661147,Chronic Low Back Pain,INS-876441691,faker
Leticia Cynthia Cabrera Calderón,4e1ffbb901f7ba5583ddaf3c33ac37f23ec39cb87f3ab1c7e9fd06fdbb1e8fab,8258ffab2f7a50e0888707b1df539105ba40c418d14afcde7ab19c597ef4c1da,8ac4706bb3b4475cc09a3483f57a1c21dcf964ae2e7de39d289506245108a50b,dren@example.net,"65133 Amanda Dam, Whitemouth, IA 10381",MRN-270555,Generalized Anxiety Disorder,INS-481469012,faker
الدكتور عزيز البيسار القعقور,0645ab0a2c0678848b172733772efc6abbc2e01b1991a4633a0d118b737c76aa,12162309b5452f5a824dad60e4e318203a1d7b76bf5bfae8d57d85b6f77a5e1e,b4535980f1a814a26c14b4c006ffbeac230c319fdb892193a170c3bb2176c000,homero95@example.com,"Callejón Haití 741 Interior 759, San Andrea los altos, TLAX 09628",MRN-561101,Rheumatoid Arthritis,INS-382824466,faker
郭秀珍,3ccfcf184946c49f59d4716686b22f9e1f879b6985509c8689652a548ae096e2,2e93c474aea49ce6b0d7d3ea3298cd75acdbe137a4888a5296f0600d356fa2d5,6fe796a6df8e8f27fc0705369d48914ef2e25b4cb0bd0e96e951b60939a506ff,albersharald@example.com,"Continuación Chihuahua 762 268, Vieja Bélgica, SON 60715",MRN-140605,Gastroesophageal Reflux Disease,INS-338836384,faker
المهندسة جواهر عدوان,b5a7771d72cb8ffe1fdf7ed34e84f0cae596fed1df92732218203df12d446153,51158acee8b0874c287e4c9e168e1b53d04d85208a8f967c9e42685567c5def1,3d14f681233b4063397a966274b5bc8258592a179c30a31b906eb0c02fcfa4f7,paffrathcenta@example.net,"22/3320 महरा, अलीगढ 945116",MRN-667296,Type 2 Diabetes Mellitus,INS-762992051,faker
Thekla Geisel,a06cb8e883d3ffd559fc5b3aad1428cb4045d49d15e913ae0ef3cbe37ca82275,79a18bd8450d288691869d8725cc549e2667486d19216a2323ed91ffdd177ace,2bfbf7f27dda5af89e4d08744f6f1e04aa890adb289652b8823e783a2ee702c8,ebd-alhfyz76@example.com,"158 David Road Apt. 904, Gonzalezfort, MS 51408",MRN-212157,COPD,INS-755897094,faker
सम्मानात्मक इन्द्रजित बोस,1e66bc0a0298fdd31772bea2a8ac792d15d171581b26245863d03f93dffcbcd7,e89c0e8df7cad0289f492670a8a1997ce5b447edbea7541a612aed5bdc56af8a,77d99b71d5ac3144d15de7fa29c61a130b6b197dddc191cd4bdb0da50963b973,kevin58@example.net,"8/0 ऐश्वर्या अरोरा, बचेली-039653",MRN-367508,Asthma,INS-716233644,faker
Sr. Diego Salgado,0ebeef802f725394e91c20f515da410e2f6dcd894dce76a8a705b0a27bf9b9c9,0933d6c226df719f1259bcfc0948e5414a222e4811f9ec2f2c82eeeccccb00f6,cb15ce922db68c8b369b99c8de8a6b3c612aba6ea6378fd1934813f15eb8530d,duttaaamitaa@example.net,"67/04 दामोदर वर्मा, मोतिहारी 695579",MRN-748133,Psoriasis,INS-132519237,faker
邹淑英,9f10f670a91c3ce6138ff6c808b0dd17c3ea764ef0b0d0426e81f5289e55f5ef,de8e206d3a26faa60f5bc6d28b6b51e37152a0fbe9157aba75dce234d255221b,0ff1639d7dd083e9fd02cf886f335fbe5c4e496234f41411e9e026f02ea0beb9,fxr-aldyn34@example.com,"38856 Norman Extensions Suite 155, West Maria, CT 95127",MRN-383091,Peripheral Neuropathy,INS-750294914,faker
陈玉珍,ad7547d225a947510c19f07ecbfde4b06122f64b5be4dacac7ded85ddfa5b236,e9dcbca9e38c3c3fc2496d30f8f823ca02955d37c9026c5863a84f9fe5ca490a,a985d6c66a54fd468ae80c5c0d5a2cd828d20283c273e7f47d9ee74e0548b036,kirstenkoch-ii@example.net,"7 राजेश गुरुंग, अखनूर 046963",MRN-446954,Chronic Migraine,INS-600282414,faker
Nathan Mcgee,30946e6baba4532325ad1af07e665988a8f92fc2b30c3d62afd378fdfeffefc5,312c8d05fe66ff2ff45cfd411ee63505e7b2f2d00f888fd2ec3cb59eca4113d7,7843e6c101fdc9ff04e4b08aadb83d487ff524bd3cd09a98a3caddb55396779e,wiltrudkaul@example.net,"Peatonal Sur Sosa 276 Interior 015, Vieja Eritrea, MEX 49135",MRN-638214,Hypertension,INS-937844678,faker
اعتكاف بنو ذي أصبح,3a02e72b9b113a1e003b339a4d5d9e62b0aa68a0a948b75b5f579d85ce91d4ae,e29e19cb14866beb345db69cad9524f7bbf682f09ea266f892421ce1af2ee49f,ee0263d9be3ae15982ccf3493392f3d44cfff68589964071f4c764f4e50463e3,muehlegert@example.net,"Viaducto Durango 508 Interior 821, Nueva República Democrática Popular Lao, SON 43536",MRN-877747,Osteoarthritis,INS-664880035,faker
唐建军,5b721148ecfa908ccf953c743b81d21c884c9a716ad7e205bd26ca07329c2fde,b85e4a3bb20c889ea44531289a0a1e09905af9cb3f7af492f4cf1f460195876e,0b043acb3491c44a65fd948357e23117d68d2e17fe8834efc86fc4466a2fb3bb,nardynsyam@example.org,"Schmidtring 43-58, 35977 Kronach",MRN-631756,Obstructive Sleep Apnea,INS-816070802,faker
आदरसूचक दीपाली नारायण,fc629439405c4bcd992d42eed5bb342df489210dae936d65384c64e748127ce4,ff1c535398bcfbd61101989ec60bd5c2c1821663a1c328820a07778c55e10b95,4068a135b09795a9cc76a4bbce1333aa344baf268f1cfa39c2e132f034f32add,reddddiihrshl@example.com,"83/6134 चन्द्रकान्ता सेनगुप्ता, मुंबई-713395",MRN-102805,Osteoarthritis,INS-583724666,faker
कल्पना सेनगुप्ता,c8b90332129b57bdb565a1ef788b7c0e61ebc298fd3a5a13683d9d5473a92303,1c1e982608ad56c48b898f2c15823410b5d372bc887af2e43b0d03016f1aa42c,1c8ea029562c1ab540a30f4d9058d90e00719038c09e9b4631a0a5a9e13e91d9,mikemoore@example.net,"841 عبد الحقّ Crescent, Lake هيكلberg, KY 37431",MRN-249811,COPD,INS-249926919,faker
Blair400 Darnell564 Baumbach677,0172a53efcada3e1ab62dd745e9b5f608a924c8da9bfdd70516c55485a907cb5,efc6eb71c0a5b158c01b448d414a7920ebd3fbbd237152d8243d2dd4c9dbcf3c,f8df92ead49add4794abcccae58ac069b8a9ef170c0378106d5fcd7c1b39ca9e,bertacichorius@example.org,"1041 Schaefer Park Unit 24, Weymouth, Massachusetts 02190",MRN-16258A,Medication review due (situation),INS-329086910,synthea
Óliver Lebrón,1145ecfd0ab00a5d6a6211c1055e59e4e97a8cec7b171ff4fe90a91519f9b3cc,be70fdbdec5bdf6adc8883d180abf61e79235d83bfe09861c1d3133442c7ce49,edc828dc7e7d5d02efb2fb4e1bfda505778013e232e0daf05c48c570e2db5110,guljaar34@example.org,广东省六盘水市上街辛集街g座 694777,MRN-198907,Asthma,INS-807577342,faker
Prof. Halina Hein,f77a70e88c4902e5229742191aed5e08e5405be65d4cd5de2db08ad444d530c7,ba6949bc6af8c6f10d034fcf3475c73d60bb8c4e33d24152aeda86f10904d388,f2b329a85ac0f0e628bac8a37278b4525bbbb47a691de708aa1409b72ad685c5,leihou@example.net,"033 Craig Bypass Suite 903, South Scottside, IL 99379",MRN-778998,Major Depressive Disorder,INS-113585139,faker
लीला सक्सेनाजी,767b5c58571feaa2030129f95ad897061473a61d84cdecc6516a0741f7d9844b,3d9e3a3eb7cec4e48189ea00b5f2a9368367e25d7175896b160520c76cc3878e,5133540c66ca4aa06bee1c588e92abb7a8e17671e57c49f5b78be4e4f9da257d,hpillii@example.org,"USS York, FPO AE 78493",MRN-817870,Major Depressive Disorder,INS-924970419,faker
Shawn Kelley,d6933a5face57db282ddf247701803bd1625863b5750dd5edf61e101f00f3110,7a855be02298bd1ef4c45ec7f232545445707d52af3c912f13e063ca432b76f6,f08518378733fa20639c7d1292db1391b8c857087e5b40d180465a46684b07d0,maalikraajiiv@example.net,"Cerrada Michoacán de Ocampo 472 Edif. 282 , Depto. 005, San Guillermina los bajos, NAY 28299-7968",MRN-624563,Chronic Migraine,INS-994807263,faker
沈云,d46061d301b23aa54593e37a39eca4bd148850bdaccd8b5098f9b0e86f12a7c0,0fb8c733f3f4d1833d5a6403cfce87eade2c6dccd7ca944c6f3f4000e52a74b6,4002a8a1c681e0cbb2cbf4e5839cad5a44541c43fbeb1c1c12a31170b23f206d,ilsegaitan@example.com,"7345 Norris Isle, Lyonsshire, KY 78413",MRN-460971,Coronary Artery Disease,INS-999423880,faker
Debra Brooks,03c110e5cc020e844fd5ffcf2c92884a9e9bec16067be776b64d5afed025362f,2daa1ed997458212d50540f67764009ee3a9d8ddba6333c0d214970add8242e5,c4ce9d902c74325dd76908c19a3142b3256a5497c1032d152dd42c8e9ee06ab8,vtrommler@example.org,山东省红县海陵辽阳街Z座 213125,MRN-964607,Congestive Heart Failure,INS-869645166,faker
Jerónimo Antonio Terrazas,94aa08577c5f31756ed2f065ea32c72b0b6f035fb90706512e9b9c92e0db7bae,da2fc559ca894bbd53ca301fb21cf613e42b2c99b147598f67ef06b23e091ba9,82ccdae55557c63c63c1ac731aba0ad986fe0a0951fc0013335568548cb85b55,xndfwavq@example.net,"312 अजित रंगराजन, जिलोंपर-102932",MRN-660324,Irritable Bowel Syndrome,INS-842716738,faker
السيد شيّق مذحج,c4e7b6f5f0337c6dda7c75006b0f19b5a19142cb71e386ccde92b7c60b5deedc,4d59645f35090fc7ec0680d36890a9383460255baae41f9ba229e1e9dd4feedf,4746f7744906f988607daa4d416ab4b12197ed07bb1dcd793d5ce9ec8494ac06,lianggang@example.org,"79112 بنو أمية Falls, North مُنجدstad, PW 27760",MRN-205345,Chronic Kidney Disease,INS-907932366,faker
روعة طسم,6e1b33bdf6411fefc85fd2bec6d83cbd02389af37f7eba5402bfe8cbbfa6985c,10228f3c1ee9639d34457c2bfe7c60866465a41c790949bf2ae871f03fa2446f,4498fee1689e94f991edc4cd616aa4fd1889d004e37ce8c94d79a70698834f89,apaattil@example.org,"Seidelallee 174, 34450 Main-Höchst",MRN-944554,Peripheral Neuropathy,INS-533897383,faker
康亮,bf62b75f36e2f08a532a104f97ae444a165fa18cc1fe4c4279284ae513f34f10,00b1f5bca83f295025d38c89fdb5d6882e5f5be4fdecadd26a4f1fff4c7006c4,bbe0dafcf20121694ddf8bf15a41d0849b2fa25ca18f3fa25186f8ac2850d57c,michael50@example.com,香港特别行政区昆明市山亭尹路R座 118952,MRN-151021,Type 2 Diabetes Mellitus,INS-402104065,faker
Lucas404 Esteban536 Ornelas92,7efa8da98e50380395b96a9bab476f33725967391cf2dabe70ba4e6ab00c9253,5b80b8fc5a3882530ceac9642eaeb0633f501c76293c3275ed87ededbbadda9d,047c7973f6de0155faf1a40f4c7e01db137bf5a41af619ea12026b5b8b004624,songuelnoack@example.com,"129 Heathcote Bridge, West Dennis, Massachusetts 02670",MRN-6D5B1F,Otitis media (disorder),INS-252960017,synthea
Katrice671 McGlynn426 Beier427,a37672546e00123ce671c5bc6e46966232721e9987e5413321347545708e0c9a,fbdbe97525af23e582bda65b523a7fbc637260c60ec2a554e3daa9918a8ff77f,8ee7884274a6539b44268c1dd3cb8f48e45621bf3c4d9fb393b0f132a6ff9f54,frahydrstm@example.com,"486 McLaughlin Ville Apt 54, Yarmouth, Massachusetts 00000",MRN-0D3E2D,Housing unsatisfactory (finding),INS-586909856,synthea
Laura Robinson,84549fb64ee9a3757c044f2aebfae9ee6dea547225d4a60877df92a35270bcf4,3894ba95180fc83f68beb899b8bc5b828172601b02b090ad850425d6354f6e37,edfb989f215fb5c4ed5dae033552c3b4887c51d6467d9f9043ae88dcc366dace,fstafford@example.org,新疆维吾尔自治区梅县高坪齐街w座 916731,MRN-282927,Chronic Migraine,INS-271944408,faker
आदरसूचक शोभा चौहान,9c489adf91cd2295641b58f1504815088436d96bd259a8410ff182b107ba1ee0,899c2a9ffa1bd248bf1bdfa69ebf9691574452ffc28d4bc872bfa0451b28db8a,b3136a3f21e845d8fd401ebff0ace15e637024ef19e8d31ec8be01994a57f75a,wuxia@example.net,"06/5405 सोहेल चतुर्वेदी, मोकामा 205852",MRN-197923,Atrial Fibrillation,INS-822408848,faker
Nelson403 William805 Frami345,31218c9d1fafb5440bffe826dac2cce354a90708110e43fa8d2fd7249b8a80a2,d2d27e31748c3350b76f71643a6862cc02bc34d3acd714dda2ddd334545415a3,4a6342f013ab0a2017aca40d4b6b75810ebc2d535796db816cffc4c6a4f80266,frowland@example.com,"1006 Rempel Way, Lawrence, Massachusetts 01841",MRN-901C13,Risk activity involvement (finding),INS-720608968,synthea
Herta Hentschel,c41fd7793b65d1e0ce76847b966273f7ddde89d507a856bfe4d315f474375077,99a248b35ded673642806a6e9ffd3404d65deb2d03e37837163365b59c772ff8,5fa70f1082e8724d29ec5a371bc8b55429f0b33a6624151db4d3eef8ff625f52,esamedwan@example.com,"2 डी’सोउज़ा, असम-379705",MRN-806995,Chronic Low Back Pain,INS-673273772,faker
يارا حوالة,9f071a493e77b5ca63bead7c03eb43d36ef0c7e966eda1ce31c4860aa579af94,167043a3af62286c77160e3cbb96f8ef73a129d8406ab94ce192d371e6be6fcc,a5c3d0f33927dc96e3f5166796f62d5db7bc5c060122b7275da34006afe3853e,srkaarsumn@example.com,"251 सरल सैनी, बहादुरगंज 866929",MRN-411797,Anemia,INS-560452529,faker
Lawanna610 King743 Heaney114,4686087f4dd38031409cd6f3f05892cefd077afab56ceb1bc13b2c8d6716dd8d,abec4243a5df3aab65f99d2d0d2381203d0c8f3b155559bac934dd1418da3ac1,88da32143ee4ed9fb29d11b656bdc2e9bdafa72d4e47f29ea17fdda051909a22,juan54@example.com,"903 Cole Avenue Unit 27, Revere, Massachusetts 02151",MRN-6C8727,Educated to high school level (finding),INS-518224445,synthea
钟冬梅,4ac4fa8b21762e54f675c4cf06ec210a7ae99f02582def05f3e92cc42a4af47e,1cdee4fa3ab0b9a5adb4f205c60e53732c2e98d51950a7c010f4849e31f7f079,26aa4f63bbc75b71da154d4afd2a673eed6f364a47ed37eec491e5570e2919c2,fabiolanegrete@example.net,"Continuación Canadá 103 Interior 977, Vieja Filipinas, GRO 81952-3710",MRN-387286,Generalized Anxiety Disorder,INS-984233149,faker
स्वर्ण कपूरजी,fcf9ad4e23d8f228bc0a79563fdf45e40eedbe9018b43e802754372ba9fe3174,ef37b378cc3cdf9c90a0b7181d16e8c0baf0af006b3e9fce7f1cfd0fe60593ef,5e95ff13c7ab12c6b22c4224e54bd0c641a39af1dfec87ed95d1a55d829befd9,ana-mariacalderon@example.net,"Callejón Sur Rael 908 144, Vieja Tayikistán, GRO 17392",MRN-520245,Hypothyroidism,INS-590204687,faker
Laraine204 Velva240 Hahn503,1a80ff992b801b9d6118a20b39a43044f0dd9b38a3c4b888dcaaf0983d692b85,ff364da7db1f57b81aedfc43f296e211cac64384016dfc04e5427475c9a8c42d,694483c708765a58edef5b81de5086ad24c501b2158235bb846b6ed007649e7c,mario90@example.net,"198 Parisian Glen, Northampton, Massachusetts 01053",MRN-D4ECD6,Medication review due (situation),INS-505013519,synthea
ميار حمير,bf555d3d7bac58ac2721cb17e74a78a4b44cd534fa87fdd1051b9f37da426c8e,0a6ec68796f9ed8b12a0edcffb624339f6dccc527ad432387a643075b4975f24,92107203ea1767d383d6e79afddd7c4d8dbdbc0f481750ee82d231f83e4be1f5,smao@example.com,"Privada Puebla 833 Edif. 394 , Depto. 522, San Gabriel los bajos, YUC 84608-1062",MRN-539486,Anemia,INS-897005281,faker
Jewell855 Morris740 White193,e7cae055d089e1eda13e323585e4e9e12f39c35f18d28abd573c4b4718c09b08,ec35c33618a9012f118237d523c47bbc8a35ecaae64df4aeb489943bf846c069,909af28278ae63926570ab34beda528bbf98ee41f16191da963d7aec77c8c990,shaun16@example.com,"726 Stehr Run, Boston, Massachusetts 02118",MRN-57E99C,Medication review due (situation),INS-146641502,synthea
Óscar Abel Casillas Trujillo,cc8b08df516bc042a7d9878e860fc1361f50d967623f15b51c9454feab29ff81,5d2e8f1f44b9316486d750e2cbbad8c7b11617b101c5f11b629032624e785ab7,5e6522a2ace5d896bdf66452e921bff1ada16f03512e6737f79ea3128b85207f,tolson@example.net,"Tschentscherallee 828, 72519 Kyritz",MRN-860242,Asthma,INS-134593072,faker
الدكتور نبهان مشعشع,240eb61bb4a5c40e2db29cf7f4d4cb681e26a2f593dcd981ad749e39cebf1fb4,6d7d29ca16371150b885d66d422c79dd1c0300c24844c4101d52f2028e5d06af,f6d86f8f0ae830208a548b48d9833d108cf32fa6dc72b9cb236186d924c90b6b,klaas19@example.com,陕西省宁县大兴重庆路h座 809409,MRN-615929,Type 2 Diabetes Mellitus,INS-252872361,faker
Nancie476 Lemke654 Schaefer657,add9ba56d7ce7a6dec13eeff2b7c3154a07aca8dff327d79492556b9b4cf61cc,32ce93caf62a89b44735b09662fca7ac8f15e526a29f138bb3f8dfb6ee9e5aea,80713068927866e54b5beaacba4efcef63670d62b43e92e5bb6dde4adca200ab,xia73@example.net,"210 Kozey Green Apt 15, Waltham, Massachusetts 02453",MRN-6EDFD7,Received higher education (finding),INS-944048177,synthea
الدكتور شعلان النمري,a318f1a675587e8a2d8d7e4f9b0284d4a9cd8d622a349cab2a195f6eb54ae66b,739c218939e61f0344a5992a67c4ab89434a28ea69fb279cd5386c2915cf5d0f,377ed0d295a0feff21876ea9f64bc66f8f03daf40aec31afb00feeb5b458912b,duranyeni@example.net,"814 John Flat Suite 552, North Justin, CA 25863",MRN-573962,Irritable Bowel Syndrome,INS-337887233,faker
Christina Melton,a2d3a1244e59ebe09687a208ae2e4d3879d20994cbb0519eb0181313866429b5,999e2f591f6ada60aa180df4e8540cda4a3af58a91c17aad8a6a77be0dd07cc9,284f4eda89c4efd33de8017fa7f95706272b0457d2b767c51f656521c909dc8e,ywns89@example.org,"Unit 4721 Box 2281, DPO AA 05827",MRN-818987,Generalized Anxiety Disorder,INS-684615760,faker
Babette Caspar B.A.,f87d3d2e0b995f921e88afecd6fc10f030cdc1df6c3cf55a0eed7aeb09b92a9b,9cc375675c4462542b586e2514610dc250985323f756b25364149d00a5b6fb01,f0a31f7132d04cad83bfe3551e22ec5c7e74461b22af7e77db14daea8570805c,zgute@example.com,"71470 Stacy Drive Apt. 590, Brownstad, WY 56876",MRN-999312,Coronary Artery Disease,INS-573827182,faker
Lavern240 Rona40 Murphy561,351651d8ba2f550118f17aaaa9638437f0d0203242f5093370121e18cc70c3fb,702d00d70267c0d6da8bb6d5369acf22bd4f28b5cd22c1febf2c5ab0311f401e,a8fccb807d9b58300fce9d290a72893796df0231413dc1a4ef360ef30578631f,erhardwiek@example.com,"785 Koelpin Brook Suite 42, Newton, Massachusetts 02460",MRN-5E534F,Childhood asthma (disorder),INS-908157894,synthea
张桂香,cb5b7ba1e2c32ea09f56546ae5eb0265bd3bce734118a890ee44af99c76c823d,18fd91c2f1cb28b08616ed5fcbf0dadbe13c0f21f14ab4b9497e6c0a2813df69,c2299580a0714b032ed22b00fb6922755cb58146240c99676f4c0d82d10e5ce7,juanzhou@example.org,"097 दयाराम सरकार, बचेली-344694",MRN-458411,Coronary Artery Disease,INS-503144836,faker
दर्शन पाण्डेयजी,87de4b6e0e3c1cc9ba487f7f59b3e80dcf3fb5497b13aecdb8884226bbb885b0,e51ad853938fe9be83095676943f62b8d4ca8c1c443744474cd517cb5a49e2f4,c9db8d025a07701800fb228e24040b96e95ebb7b6a5b308561568cf9c855f09b,obarq@example.com,"59319 Anderson Island, Raytown, ME 08612",MRN-602278,Major Depressive Disorder,INS-290736564,faker
Jason Ramirez,74b4ab9a4a4bfe25f7897245077648bb176f9df470d034fb7af520eeda58e12d,7371fc0fb9d164ba353f876ce5bc637a5166bb5fb55dd28c00c654be35058a4c,fd47b99dadef864869de14783022cfe8b64b9b935413c1a7c35206bc344dba27,bhrtvrmaa@example.com,"173 كنان Trail Apt. 757, Lake عزّ الدّينmouth, FL 83065",MRN-961574,Non-alcoholic Fatty Liver Disease,INS-819433407,faker
الآنسة أريج غطفان,a96836b70d27c69d0ea2e96d9601fb40735ea4f6a94e4f766e6cb934e8d7897b,7ff4f88f36b5170e7a25d64a164da91b39b0981f3fb881fd099498993a5e5555,a412ff6d4d71948a79ba3e261949ec6fb8c73004903f185fc0f9c33710ec16b6,fliu@example.org,台湾省海门县黄浦杭州路Q座 680408,MRN-701761,Osteoarthritis,INS-982277976,faker
Felipe Eloy Zelaya Salazar,eb6501eaf50e3dd7ac380e120b4f066f09375e3a35b966c185f166e5b5e1603e,c15d0eec6428f63808c26e4ec646315e7c905323233ec3ded054a7b6c1116b7f,827545971f484df8b9c763510b0f642d233392321243386dbd6d5852c8887b52,horst-guenter38@example.org,"2280 Matthew Crescent Apt. 183, Scottmouth, WY 47063",MRN-444056,Irritable Bowel Syndrome,INS-574422684,faker
माननीय करिश्मा लोबो,a4b4b5afb59cc6a85dbc7e2594f97448b83d7b557a0bd2ce72088910bb84efaa,961e206cdc16eb3b903663952866e127636ebd98f54c7471f0c9f2cca41c463d,d57713d4748509d60b0e12e44f88fea8663b7340e282f7f6cf3c3cdefd7f7184,xgao@example.net,"3 प्रेम गुप्ता, अहमदनगर 345786",MRN-278240,Coronary Artery Disease,INS-184791618,faker
सुनीता सरीन,262843bffdfe2ec15104b407901065506d9e8ac396ff49ca3107fbafc687463e,9f5545b29913df06b61d975680afa342ac5bde06d2e4b60751a1c9f43fd3fc41,8deede6ddbdc2ce578b0d510460b5e194b980deee1217becbd194ecf11f83030,escobedohoracio@example.com,"Circuito Distrito Federal 961 Edif. 844 , Depto. 626, San Emilio los bajos, TAMPS 83143",MRN-889245,Major Depressive Disorder,INS-954946593,faker
Linda Campbell,4a12e18c6923116eb08b901d5f4b349e241ed3ae531917b5949cd545e7d3544c,b2895d31994e1d7d38ebb78da188ff67b5b92137b88f21dfbe91d0295a5bc417,b60ec93e6bab9ee5a4ee2eba3329eb6e75fa02279794e8d9ad4bfca3aa305e30,sbwralzfyr@example.net,甘肃省贵阳市浔阳邯郸路a座 631819,MRN-348235,Gastroesophageal Reflux Disease,INS-128222260,faker
Cordula Eberhardt,06e9a6d3d2ae8517c7528d2aa09994d087a0d494913fd1eeb3a51291b652b481,954362b8ce2c1d2b9e557dbe12e0d2284a5c929dbd1b614feef5f0295be42a06,3fc314df8097ab901a55a32a82b6b840e77fa5eb0c4153c669e437b2378d0932,jmanabw-eyd@example.org,江苏省石家庄市翔安金街j座 384210,MRN-969634,COPD,INS-147337803,faker
Doug189 Tad831 Ebert178,b7f2fd8f65e1e2dee98bc39a1647cff7c4e3ae53b51d73d5e0b1e2eb93aed002,86a02a7b46f4f7fe9aac0ed8f132252a2eaf8e92b9c846b231b5a9e4a2cd9773,ff57bbf2623bd1612eb4d8301e4bea77f3644fd5f3033b424dd26bb80b8ad479,vballard@example.org,"992 Bahringer Bridge Suite 34, West Stockbridge, Massachusetts 00000",MRN-247DFA,Chronic sinusitis (disorder),INS-921706952,synthea
शंतनु मजूमदारजी,8f2d4914ac7796ba8d1be952c9333d16674ac59222b57d2f917afe5cfbabdb1d,955f2b2df8e0874cdd34c7caa5c4b393484798e13f55fbcab3b25af372a182b0,dbbe03b0892a2d5056d99ebcfa213c6cf9aa8a1f1cece3e046db1df9c47d0666,chaoliang@example.org,"Eckhardt-Hentschel-Allee 4480, 52239 Wittmund",MRN-396578,Chronic Low Back Pain,INS-420571903,faker
罗勇,c843111c136f57ceb2b3a186183f7d7198355dc5a008f234f208750c0dec72c8,6a51829588967c02fcad1f60e3254b8d138070ff1a8afc60230c5d16f71672fc,e6158c80e8af9d66b404be27ae489c0ed83e98483eec2185547428a74776e334,gulei@example.org,黑龙江省彬市白云通辽路F座 557438,MRN-368355,Congestive Heart Failure,INS-996534803,faker
Maurice Finke,bf8b665d0454e80fcbd5b08ee15ce1d13c8d02666e77dee17709e29fccb27f87,5a5f5f705c21d85c790d7fab370a140ffd9703bd00cb74a5fb59c00be8c5d8a5,caebdd833c1382179bc0ec893347d69708645f9016980488718c724a7a2e594f,gang23@example.org,"Hedy-Röhricht-Ring 7, 51786 Nabburg",MRN-226124,Rheumatoid Arthritis,INS-285627380,faker
Ing. Luisa Valverde,c4bd498c15c8180ef6e80bb430364da35ab8e05a6f3430121bc7ce1ffe73b390,159ef5a851dc716bbe97f2ad495e5656ae85d45d0412ff8ce3533af5b379be2b,b69ffd455f142645701cfe02f8ac5a42e1f4606c7489d2fd3ae0d6b8f869c94b,velaines@example.org,"724 कपूर, पाकाला-570132",MRN-908977,Anemia,INS-889401015,faker
Virginia Aurora Sandoval Durán,a530c328feda74fe58d3a2d0504f3f09cf70f429f9ed0c6d025a6d4a781f8b97,be78614edb21a9ea0896029f4d1414eaa7a2b796ab0ba180aa9a7381a7550bf0,9216b69a7c6a3f792d2693e893eaab61d59eac362dd8af657af8d20d76e00f0d,centenoconcepcion@example.org,辽宁省勇市滨城赵路o座 167086,MRN-653349,Psoriasis,INS-436515102,faker
Jennifer Campos,94fbba024c6b45e582b6e75bb3bf22dac8358ba5488b0a78d7e6af700c85907c,9730250b1cbd630304d14c3dc929a0b1e73a99466adf56c509c89303f51d5d0d,0f11fcfbe0155598c0c6b68b0176c3dc05092fc2ec60b10179ca2fb4b2dc8fb2,gonzalo98@example.net,陕西省马鞍山市普陀兰州街P座 859149,MRN-875501,Peripheral Neuropathy,INS-360472583,faker
刘春梅,94364318bd8e2d3cc59b8eeeaee51d4784c7d92ccc3bc312e4d7f4efa11718c6,1d59fecdd6b8cc50851b71ca5fde2abbe45e287b38b77c0fbfb9d0fda830d3aa,5a8167d9e5f4a4a7f0f9ad73f1515c080b305f27185e3a1ace678cd609b6cfbe,icasares@example.com,"Periférico Suárez 977 457, Nueva Ghana, NL 58331",MRN-442622,Hypothyroidism,INS-729682105,faker
冯秀华,0bb2e5a8cd07bb425a57c5d433b67f4074a3898157873524fb2b5b969db5681c,74344859e3dcff27cf2c666b2efb7c16ee708a578d8123d601946f97872c41c5,5b6b7270c477a4832bf2151f7f1171bbd3b0181e22d70fdeff322cd042354cdd,patelrobert@example.org,"8621 कुमारी तिवारी, अलीगढ-546156",MRN-824156,Gastroesophageal Reflux Disease,INS-793532952,faker
James Dussen van MBA.,0c2e6b0c02f9985b22cc45b57117bf0aa85279bb2b05e634300bf7018c17dd29,101a16b635857610e0104c0074c457d967b79a9965d2146724aaec4a0f50301f,ab5d7d5ecd8feb443d97a4b5ab90a31f133644f7cf5f253d1313e14d755cb99d,flantzfreddy@example.org,新疆维吾尔自治区辽阳市海陵曹街O座 307432,MRN-735863,Chronic Low Back Pain,INS-633356861,faker
Prof. Roswita Mende,92e42ab011464ffcf9c4bd115407202e3bb3a5e18c99c7f48f7dfd8822f8ed94,b1d2ae87ad48e6e457627acf5c5c858a26f4f37426b5922c7bd3ff92662192b0,20b402712dfaa671226c51095e1133bc789d03575c7a9a92d20e4f2371181f17,dulce-mariazedillo@example.org,"6/8 गुप्ता, चंबा-519712",MRN-955015,Chronic Migraine,INS-608309128,faker
الدكتور علوان تنوخ,887600bb72c0443b4fa0dc5801bb01fc1c5dfda999d787f2e206fb8c0e671e48,3a34637f942b23af8ada22be2bc3434b455de3456c04ef005749e76a37ee3743,6b1a2fd9470963c94b67d7a187b19d87411ceef144266d78a60b0ef3bf43a604,dbnw-alnjar@example.org,青海省桂花市闵行韩街D座 216241,MRN-185168,Type 2 Diabetes Mellitus,INS-788755699,faker
المهندس صعب بجيلة,afe380cf87161fe871472660ca0a6fa6e83411c22c1abb48c27d9533e5a67a38,ff58ebf88d8af5b174e9008a556756efe7769734af76c8dbe1a3c58533a499d6,4ab43d1e07e0ee503da34cf54acdf291b4f853b0c6e5637c8010fb604b239d4d,zalmntfq@example.org,"0812 Alexander Roads, Bradleytown, ID 26430",MRN-498290,Anemia,INS-994816400,faker
संमानित लक्ष्मी चवन,0e25157e57b5263099e5816ae92609cbff81441d10912a931c0bb0c1f85d4a83,3a7805a5d721b9fd834c9050578907720516864ec535851d9b623db48e26aba8,2de3fdba311a36744edbda24597921f0cb317ec196d3a9f15f5f577613776a5e,aandrews@example.net,"Mariusz-Loos-Platz 4/6, 39592 Donaueschingen",MRN-714015,Obstructive Sleep Apnea,INS-597959181,faker
Timothy Bishop Jr.,366f97353be6c9aba60197439e28ab504a1050e6d92c2f12e7d948ce0be67af7,bad27c37b5b53ef75477ac16d79ed864ccb75230b7f03a60fcdf7308313ea77f,f614b7de47999da0a92f2e75f342c3d4232e8903d5a29e098f0404cfd68c32c9,ngamez@example.net,"PSC 4101, Box 1947, APO AE 65735",MRN-812048,Rheumatoid Arthritis,INS-498320110,faker
الأستاذة بلقيس المنتفق,0ec8c9af156aa74716a1889448723609b2e61f69f9deb3f3475fe6f95457c6c3,bdbd10ae8ab728127e25c79d9c3a541d8579a677aad5a449e4a3cee5c9f1c789,88eb7897997d6e4e9b7171434a3349b5b2972b58eae84067dbeae389d104b3fc,laavnnyaa49@example.net,"Prolongación Nayarit 126 Edif. 042 , Depto. 232, San Oswaldo los altos, SON 29466-7116",MRN-837135,Rheumatoid Arthritis,INS-176428684,faker
冯瑜,b743bf888f00ce5a68bf72b91c0fdbe887e22b4c29c8094b56979558f592f394,a3a9e07a1b193cb67f6067a60b51ab4df75ab0acd9c0340606341e9b1afeecfc,58d4d6cdc05ddc29d2942f21dfe06b6a06a58e6917c96931389e7b8b0911f6f9,reginaschmidt@example.org,"10713 زلاطيمو Cape, فتوحside, AS 84059",MRN-335445,Hypertension,INS-442185272,faker
Adalbert Gunpf MBA.,e5386f8e422ae6687f9aa5f3daf7c84523a65f4d21500d5e734acbb753a2ae50,99caac4b4b594a2cd8287466da6a765aab2b890433190351c7d7969bfa2325f2,152db4bd8c822f98ef6a1b6a617f56aa2fe0227224497ad22d037a2ae3f33643,jcopraa@example.org,"92124 نشأت Stream, شهيرtown, UT 89333",MRN-367382,Congestive Heart Failure,INS-454617185,faker
Dra. Dolores Sanabria,20f6c10a6fcce5bda053de446d4a6ae669790c22b8c55ca89d30e1516367d30d,549569f38490e805606b7c042731c4f437ace7812b049312d50edc8c4d46685d,c70e3086317450cc12a15c33791b1f833c41390172f1017c153eee4b5963f1ae,homero38@example.net,陕西省建平市璧山沈阳街O座 869166,MRN-325772,Major Depressive Disorder,INS-209747451,faker
सुरेन्द्र जयरामन,b9b3eaeae45c4dfc2140cb4d2d60de2c3aeddc473cf5ed1e32afdc77233b11b2,c57741ba3d9c3728714536517b185a3e3dc1abf34165c611904e54457d361073,e315b0044e2ce7e783e69f7f2074acb41ac0101c6403fcf2ef7268e5b11f5a52,odeshpaandde@example.com,"Calzada Sur Alcántar 081 867, Nueva Guinea Bissau, OAX 33041",MRN-992083,Anemia,INS-134770706,faker
Jasmine Watson,a761cb647562c4ded3354b9506b1f0d9eaccb7bc6c23ece0b03569d267f4edfb,c99af5e0e1940e652ff470a39a81fd01e85e44ae32b07043cf52375522ea3041,bbe33f4452033ba1cb60b4f1071e5f41d76f54a02c41d453c1e1f24797c078b8,qarmendariz@example.com,"Rosegasse 611, 93806 Pinneberg",MRN-993140,Major Depressive Disorder,INS-824085842,faker
Raik Jacob,6c05896ae16d02911e057b5508b6b7ef78cacdd9866504efe859d68c9c6175b1,6f589ab94c2ae4dfb339d3264fd82799b9a72d79784f20f5439cde06f2a3e5b9,1ccfc82aaed29029c9eb962682d1a79d2ab7f097fc85899e426e509f21f78728,raajrony-caudhrii@example.com,河南省秀华市新城张街a座 776665,MRN-875584,Hypothyroidism,INS-440030663,faker
उत्तम झादव,974faa753c6a1bb6e14ccc4709cdbddce3e0770800f241ac299038f6cff3cc64,885a6525c991b45682eedfad2c1ee54821ff0ac76fbd9969060e44b3aa6d4afb,7f12bbfd37b304c96f4bb1203164685b31d4a0c908361aca4765f0a6f70f2c61,blaasubrmaaniympurussottm@example.com,"Peatonal Yucatán 082 Edif. 723 , Depto. 184, Nueva Dominicana, GTO 91365-1777",MRN-994217,Psoriasis,INS-798916441,faker
Birte Weihmann-Hiller,6e1806cfe8848363005f6da278437ef803be43690a3e1c0f9f3450e7a6b5872a,12e8d694d108e51591d9c8356111883882f908d9495f578c7b6f5ba2ff5e599c,6d89695c633ba9e202a3af7f238c700f0781ee5001793c56a51d85740cdb0dae,vsmith@example.net,"39/456 संजीव दासगुप्ता, अलीगढ 497646",MRN-620287,Chronic Kidney Disease,INS-455589390,faker
姚艳,e344082a0f659f3c3301721478fa1082d7ea1e1ef515262b72129f181d3c6771,f78e87447f073be4211069da06358984dc04aa70f054d10a79415a984f9bcda6,080ffc5acd5cd87c9842809e07f0ebf8971e95eac3d4ef350093bc7dbe928192,rosaliaschaefer@example.org,"0780 राव, देवगढ़ 773180",MRN-438334,Non-alcoholic Fatty Liver Disease,INS-342096876,faker
Nicole Rogers,9784b0a18d62114ef2e2e1151cee994095a15ee2d153d688d861b22d0735b79e,91cd454ed1450caff5072c0fb16c569b379b0c52668ea5125be5dfdd149f60d5,ade5cebf5ec9377b4f8d310cd0395418f3055ed206bac85081897d2ef9368459,jessica96@example.com,"PSC 0186, Box 4876, APO AP 94770",MRN-471136,Congestive Heart Failure,INS-300951978,faker
دليل الكواهلة,225d374c7bd6aef5ddd4a1af8f34ccad17654d89310896fbec5212036f4e87a6,1a58fa83dea490c7e33b60c0fde82473130c0b1a9730037249c18a64ff58fd60,f0459de163e2c0f98e6e1a003856ba1ffe982cdad8ee797d2cd7816c326c6cdf,citlalivillarreal@example.com,"6 सरकार, चंडीगढ-442101",MRN-865979,Chronic Kidney Disease,INS-211190223,faker
Rachel Lane,64868816733ac15db946e8e981b910fadd3a1f76fcb366725bc9055c9ccc622f,309f5bbac5ddc6a3a8e5886cfa87d405adfc47e97fd32768a0c9441eb8b0fcd9,577db93c4731462a667e5a74eb78702c64d39dccdc14d5aa6328f3d7aa17aa2f,spena@example.com,"Slavko-Siering-Weg 5/9, 95946 Lübben",MRN-856086,Type 2 Diabetes Mellitus,INS-408839723,faker
रिया सक्सेनाजी,6f74a1bf514eeb2d7a1d7dbdd944490787102c9d72e68baaab69e7ad819d50f7,cbea8ec161fc449deb5db52757df54ebe86d3c6393afcc834148b8c28a5b1968,2d0be5abc4a3e85339a8933e4ab9549de0729ac370ac60e181994150811996fd,israelmacias@example.com,"Milena-Lehmann-Ring 3/5, 63123 Goslar",MRN-739711,Gastroesophageal Reflux Disease,INS-306442077,faker
Erin Walker,838fbe32c1781397906fcfc225cb0f2c054494d0083ec39967fcf028302d8159,5f69a2c5b5748310d9684cdef87154888bb6185d475222739dc6b3296f508a24,66a37ca88d6d2e58dafb2d981201397bdbe0f1c0500e775dd725700b4e0a3338,cetin24@example.org,"90/819 सेनगुप्ता, अहमदाबाद 643502",MRN-325465,Major Depressive Disorder,INS-259261469,faker
Curt84 Adolfo777 Oberbrunner298,ab0356ffa0b579a051ae48183022f9545dee698c1bd35faedf9da35f239c7fe6,a56d59993c4aa29d1c94535291158ba4c20cfadc511bc7a748baa2e78ef55212,88463d52682129ef5d6145ad6416fbb3a4ffb844069137bc12b7b113341a8fd6,jasonsanders@example.com,"671 Olson Overpass Suite 41, Hanson, Massachusetts 02341",MRN-BDC676,Adolescent idiopathic scoliosis (disorder),INS-310917183,synthea
Herr Willfried Barkholz B.A.,3756cfcb3a26af0ff84ac82eea6883ad4e89519c0010a1db620f3fd374528dc8,975f9430be5efa6af9592ca35af2329cc684d8765a9a0a8347f11c595f9a9f21,186816fee723b3e39eb4841f77f6cd8cb150aa76e167054cac7cce50202fecfa,jonas06@example.net,"Verena-Koch-Platz 90, 77133 Groß-Gerau",MRN-892630,Obstructive Sleep Apnea,INS-444851196,faker
程娟,959160fd8e04c8f74f085906ed288ffad0170cfa5704a3f78dcde17f4f98d866,8e5ce1cf4f326274f9734bd5a0a8b2b97ae9d3a5523f2b94142c6a575e660527,38092d6215bcfeeeeb00c5ab4de557c308191f5d137efb6622b3e8c73cd3303c,concepcion33@example.com,"1840 وادع Circle Suite 120, North عمروfurt, ME 04125",MRN-444625,Generalized Anxiety Disorder,INS-569992383,faker
Fidelia216 Waters156 Kilback373,aca612d1cdac4bc4939fe5e8ab7249ed3843dd6e742dcaa8e14cf31b1786b5a4,b0d6ec7b0f1e30d3c87c010faac5bfe5999d03d5a00a458f9d6585d0cf47f559,1249e83212baa9e38fc4c7eb0f3e52f2f7cc80b1007c841ebce5e970a5b4d802,tcttrjii@example.com,"188 Cremin Forge, Abington, Massachusetts 02351",MRN-A671B8,Medication review due (situation),INS-214315878,synthea
आदरवाचक अखिल मिस्त्री,ecf616496f35ca401801450d7256f05165a7b2877e427cd88538634a8ba676b4,8723878cb05714ba3f373eccdfa7dfb9b0cacd08d5b7a38153000a0874cc250c,f3466b9a5349de35ec771cdeb72fd2abf56ee0922760a477eb2934289b949328,jlnar51@example.com,"Ute-Ullmann-Allee 9/3, 48932 Zossen",MRN-946335,Type 2 Diabetes Mellitus,INS-883543540,faker
Lorri590 Priscilla527 Beer512,ac7674184322cfcd1b198e5c0b545d50c7d990a794480a6be575f613abd5f3be,12b6e451930513338b319b69357e9db785de635f16cf4778a02ac5ca07aa1bcd,f227298f10c2f21c206df10177ff0aa2676fe3cb5acb60b369ce06cbb609e57a,mursy15@example.net,"369 Dicki Extension Apt 90, North Eastham, Massachusetts 02651",MRN-8EE4F7,Received higher education (finding),INS-535355406,synthea
Cleo27 Fay398,2b9a792707e16670215f785663792066d3f50ba90e770e42007f68ddc0ee7bc3,ad231ce39ca69db74445f46ef0008837d77c56d0c6fda2719d630a6d47441bcb,f24f5eaba8924c8a861e01c4a9efdf6f67572b459582cd2eab4b22f85bb7af1a,xia82@example.com,"299 Kirlin Bridge, Oxford, Massachusetts 01540",MRN-1AE279,Received higher education (finding),INS-604308858,synthea
徐秀珍,188eedcdba8fa49f90032e48b40c165a1a3066725de148abe2db418a5cb11005,f1a4b8f704f379b3276254888893f593f69882da57232fe91ef958dffd01bf06,4cb1de00dfe7e261fa261fae0017fdcb33a775fe8bd1851954454b1b16a7895e,shni62@example.org,江西省丹县海港孙路F座 929142,MRN-602248,Hypothyroidism,INS-557707813,faker
देवराज गावडे,191382b28ec449c0308b7f3d11f8c6f478493dc3ca73be444466950b1068afdd,40057aad2a227879938cdad5adb955ca99abd0133a43316e2419c10471657bcb,521912293a788b007026a481016dda63efc9c8667d10f68c90d2ac73f627df79,gvelazquez@example.net,"05566 طائف Summit Apt. 604, West نورسshire, FL 43339",MRN-629057,Psoriasis,INS-285283722,faker
मञ्जुला घोष,806f4d6cd4d49266a31e2704ec09caf2ecf47c60e9ea91e69f2add00ff01d82d,f2eab5e3f1e99c02f83a3a0adace6703732905441ad19948a97f847874c12244,975b8275b3bc111a4ff9245546f02293f6c6b12870aa6da22275bc3ea71e35f5,lbhttttaacaary@example.com,"9/7 प्रताप दासगुप्ता, अमरावती-437575",MRN-290556,Type 2 Diabetes Mellitus,INS-379340713,faker
गोतम मंडल,112a8eb1419b497c02990e911744585714647406e1a62603ceec59d6f1de25ec,aa218351efcc56c9bb32b0fbb56d8e22091bbcadc7c56a4aca75caa57fbca12f,2b863f13a131acda92a7c29d71b733f5b7d707801b2f90d5cf37002a17b1728e,gregory26@example.net,"Scheuermannring 65/91, 36774 Ebermannstadt",MRN-929937,Coronary Artery Disease,INS-170455681,faker
Roberta Ferguson,4b099ab3705dc4e5d212cf0764aad2b0a93d56c5810675c3897b74d514e17380,069aba87e49ebfe8c7654c0a29e8154549f7e3acf1272cde767878a8ea8f56e8,52ac5985927466cfd8f0a630e4d0a17e9b2edef6e8a87f0101302e260776090f,ybhttnaagr@example.com,"217 باسمة Land Suite 356, East طاهرland, OR 01818",MRN-112537,Type 2 Diabetes Mellitus,INS-991605503,faker
माननीय सीता दासगुप्ता,7e8bf787dbd279146a4247e06cfa93c9fb9618e1d6f8ae5d06b9573142137436,f26aee773f033bdceab8946ae9a5588958ed28e402058a5d60fff960eaddb60a,687a11705735e85b11c959e9fdb46fce7afa3c464056fd4fdb4a9e1100a76608,textorida@example.com,上海市淑英县南湖哈尔滨路N座 122161,MRN-408857,Fibromyalgia,INS-771186296,faker
Ernest Holden,7d3ba39a6ec0a2781316e2fea1d86d4cf19ea3e232c1de08d834545222bdd41e,3705c849e3acf0653cf7407300b2567addb8816ea767ee413a53082bf4779fb4,815abbd245f13e17f91a4630bfc2c0f2ad4b1b240c60872df86d5ebb5210ffea,qmalone@example.net,"Diagonal Norte Martínez 048 Interior 926, San Sofía de la Montaña, TLAX 63410-8562",MRN-147489,Osteoarthritis,INS-469935052,faker
جلاء بنو العريج,18a5ed558047adbafd920414c442b50b62150525a7399b59b6c919a98c178384,a587cfab456aefe83375cd45218b9c68b677cce6a3dc36149f29872dc2f842f1,766cd2845705c667c21e779bf40be990780dbb69e41ed2744ff7d95185f0846c,trejoeric@example.net,"Heinz-Jürgen-Heintze-Weg 8, 86379 Altötting",MRN-872246,Asthma,INS-826600539,faker
Mónica Abrego,f49b9bd7832e9da1ed90e55b284344e3d72c86fd8e72a00ab2955ccc8fcb20e9,d51a8b448017dbe85aa34f3c131b7edd30abd5b5ac47af50298989a22568da22,6e27229e3b940991a200dc7846fd76edf9f86289f7fa7d7cf88f82014d7b2905,dowergsuse@example.com,重庆市兰州市蓟州太原路q座 638346,MRN-969693,Psoriasis,INS-764130526,faker
विजय मैती,96f8e402bc9661e96f4449141edc0b5fa7a8cab6a58b46e6da555cbfa2a64fb3,97d1fb80d03eaf64fe37a0df4cf60ebeda218475bcb0603d603b25cd8bdb7706,6c3382d563fa81e573f2cace11bb2c9f348f1dba709de35aedd7216b534718d7,haoyang@example.com,"Gudegasse 6920, 02146 Strausberg",MRN-701987,Atrial Fibrillation,INS-966747347,faker
Gerald Kohl-Gorlitz,7ef4bd78d45bce030816bed12cfccfabc9f0ee7ff739488c649b4413ae70b021,bd129e2b07649bcde1ed4492b417500b1ecb36282122b79ce76d91b322e504ec,0abbc6c7cef30958ad683b59e774e405917e07dd8e63bf1324aa3a3a126e4a4c,timoteocolon@example.com,"826 Jonathan Isle Apt. 751, North Joseph, TX 79795",MRN-587455,Osteoarthritis,INS-986625773,faker
अवनी आचार्यजी,0dc9c173eb28950e48fb21681564a8f4eafe2c667f3716f0010944d21d87226a,697f1f2b5b477a92bdb36e082f824ae30703221fe1c666e51d58540bc2a9c925,94f292080a2d42cc84caf4af571c72d2fbe79788a5cc21a3477392d7948ec35e,masedelyan@example.org,"John-Sölzer-Ring 8, 58891 Stendal",MRN-662636,Asthma,INS-588322781,faker
Alfonso Orellana Jáquez,e75e6fe1ebba611dde9e1c520111dea4663f606b13241523a8c4b58b1feaec2d,caa7169c1ff9194cef6393f4beb94875e098952dc56870c1edd297ee5a57764b,1234c9742d8439842b5fd56e3e9369eecbc402101e1f61672965c7288e2a633e,pieperimke@example.com,"Aynur-Hecker-Gasse 8-2, 54601 Pfaffenhofen an der Ilm",MRN-429657,Psoriasis,INS-399240862,faker
杜瑞,34ddf64673e1b850a58d279ba153894f6f6796605d7eb947773fd7909f17747e,34169f1bbd688253ea389df1f27e6e9289127a8ab8fda98ff44bcbde4b086733,f69b239bbe1da4fcbe043e0d986736959277fe3e055a4d4f2964365b68807002,mccarthycynthia@example.org,"86/025 कशोर गोयल, मोकामा-644742",MRN-906814,Obstructive Sleep Apnea,INS-935504321,faker
السيدة هدى عضل,abf21c79a9f56772e594e222c02bf686c16788531a4422bcfa26e1dc79a8d9c4,5fe34a419fee0f3ec6d78fbe6e80b15cab132702686678ec1aed0ddb8b7e0aea,cef85eec27d2a8f3dfcc8fab2ba657df341843883bc2ef84161b9ededc834d32,bschaaf@example.com,"335 Moses Path Apt. 434, South Emilymouth, CA 73187",MRN-172965,Chronic Kidney Disease,INS-895609471,faker
Rolando Aragón,cdbe3a24a216ce14e759048e3b64b81f776d5ff82b0005bd7cd5544802030b2d,f3f81ef886f8169dd303f9da2bad82572cf5802d29ca35ed707b6ef4fe9a5721,5c68ea22800bb17ab3b606b52c7dcb5f96b261033c96077524ecdd9ca1364b5d,mingsu@example.net,"Diagonal Sanabria 752 088, San Sonia los altos, NL 49297-5170",MRN-607774,Rheumatoid Arthritis,INS-319068042,faker
Bogdan Vollbrecht,51178dccea6938f84208eddf39ebfc95337a3677866b66b189bbf6e77485d694,7870e33ce61e434ed3b4bc2106f118d7c05e95e5d5316388a149cea9a8647c70,f343810b005fa355a53f6aaad873e3684813ed1c8ba51b1df6fa4ea704cf3736,qiang38@example.com,河北省欣县龙潭郑州街P座 323828,MRN-520172,Gastroesophageal Reflux Disease,INS-179545125,faker
Eva Nieves,010887969a0448e5d27aef43b594df562c919781fd108911fc69b22dd76e7ab1,430f29f4bfe1d74ef8d7c5eedd196d8be6c276d9c1e0852d2b1f1b5d30b243ba,dba6f3119fbd37629cb7f7aa87cf42e5534b2d215c0a29e413f4114d4b978312,guiyingjia@example.org,"671 ज़स्विन्देर् वर्मा, बचेली 527985",MRN-240440,COPD,INS-881155839,faker
Teresa Wagner,68520a6862efe0535920d8e92e2021b47af8e3dd0b766708b2ce36a20494a835,2a9e963690ff830f953fe0d5f3dfac32ffd9dd4822e479b010f6286ef551d9f7,fb7d69606dfbb9c5e83a5b6f138d579e435327bab1c77e103a201f68547c8c67,vsmith@example.net,"919 Acosta Island Suite 575, Evansfort, MD 72055",MRN-386886,Hypothyroidism,INS-468141835,faker
Belinda Gunpf-Möchlichen,08c0a6fe93dada059c6c03e370d95713228df8b44ecf8ee95eae3008fc72154c,2843b3cded433693302466d81a02bcb200dd5b8d1863adbf23742350775d7246,9ca23502995a509583f92eec36d59a996a1af0d93e9540cf5c573a4ae74710d4,tseidel@example.net,"Ana-Hölzenbecher-Ring 5/7, 06000 Kleve",MRN-866260,Asthma,INS-210811807,faker
المهندس رازي عبد القيس,836c94f790d7a3fe368ba676e9666be63810d54dccfd87c5e5df87e83fc1dc15,eaef02650cadcd72b8e2b55f9a573689daf4ce3fb2766cc2fd0f2c5b4165d449,c47a5f4b1843b286460f351160a5b98e84833a24fd24f10deae8a7b8972efae5,apeng@example.org,"830 Hill Summit Apt. 926, Cookechester, ME 75398",MRN-790658,Chronic Kidney Disease,INS-867979226,faker
सम्मानसूचक लता तमांग,42b958706810f5ce028614055996b8a663ef069cdafb49581a7a4aec7cb7f7fc,7138986df29b73c2bb10a2ae56bd6b6410e9b30ed0f842a09b99e78cb9142d77,d1743adb05210a90b636259231e4e332a3987bf7ddc3baeb034f192979b3a7fd,mohiniijoshii@example.org,山东省兵市长寿蔡路o座 674524,MRN-373832,Psoriasis,INS-863531123,faker
Nadia Moreno Osorio,8ddad154e67e84a81e99f94d262686c2c4d4798a067dc4f76358658a572c7ae0,357215d6c28d1f1a4d40d03bbd9840fcb308bf1ac7686937f770bd952763b349,1a0f220530735299d049f85e89d5960b9a83b5abc544090c337964c1a1419a0a,christina15@example.org,"Gloria-Höfig-Gasse 43-43, 32043 Schrobenhausen",MRN-311469,Generalized Anxiety Disorder,INS-855309458,faker
Kari Harper,8076245d6feb03e12022b1ad5c93a16bc5e204b7ca33a3c422be8aaa31c29cb6,253d5a9b3422ab62189f7419eaf2642eb26efaf036d32ff1e31b8a4818a66873,4e9d40832762e26d792799b7bcdccdf4f16f98c1f239163a619e0d10e853550b,tvalentin@example.org,"7620 Sutton Knoll Suite 384, Lake Jonathanfurt, FM 04363",MRN-197992,Psoriasis,INS-819896690,faker
Christina Christensen,a59c9bf34c9eb074ac8f93b485683d59d50dcef81a35514ede8458278a15d05f,3877416c456778f5d67e8a37561f72708135ea2964254eab8069be4e278963dd,cf9776596a9fd5de38dc69ac74448a5f2e680e31413c3311d99a1be8579c81c1,sahr04@example.org,"19/8386 कान्ता डी’सोउज़ा, धारवाड 666580",MRN-393328,Type 2 Diabetes Mellitus,INS-841183219,faker
Sammy219 Monahan736 Hayes766,c5863d928cf56fdcfe82f65d11e26ab775417e8a5611eb65ca9b90e8aebce406,e0a7b5cb28e36baab16b9c9421f56a5a33a6adcbdeef662bbc774839e5ef2e34,dcac11aae699603493745859f506b3fabcd3fe2790ac6a935ecfa961c2aecbb2,aalhwa@example.org,"543 Rogahn Crossroad, Stow, Massachusetts 00000",MRN-A9E7E3,Risk activity involvement (finding),INS-794989306,synthea
جيلان طقش,111b41362706aba2f8e795fe37dc366717892909f8339f5c21fab62eaf48dff3,90eeef5f6524aa4b512ae851ad36a9911ad214ad2d4cf2c6ff5469129ce1977b,6f49a35f29a21ee896e062c3570a206520090a6c178c4c2306d71cb46ad673e6,faxr37@example.net,江苏省深圳市永川罗路I座 618071,MRN-414455,Hypothyroidism,INS-297438548,faker
Jason Ramirez,c2e412bafb6dcafda65229624467a72de76c5f5fe1b04976a58cb8ec743c3b55,7ce07f54713ee2cc5e29dc0d3e3e00fec29dbf437d7cc2a6486cd9fbb871d7d9,593b4a2f84feb3040e31a14afa088887adaa108f0a0d5169263c5d7355f50183,yinyan@example.com,"31112 Jones Plain Suite 246, Amandaport, PR 75226",MRN-648513,Non-alcoholic Fatty Liver Disease,INS-852242243,faker
Hunter736 Darryl392 Corkery305,1241146092ac00661779d639b8d5ed21f8cc37feaa0afa01fca0649aa88cd076,0f4aee980b4e94736470e0cdc2c5c34fec13cae13ad315665db0e66e6f0354b6,80f23973441fce5f98e3c3dd5a7df9147d04e70c126a706d081f2280869e0bd8,wade47@example.org,"1035 Kessler Park Apt 50, Fitchburg, Massachusetts 01420",MRN-29183D,Seizure disorder (disorder),INS-322026871,synthea
الأستاذة ناهد العقيدات,d930df2524d2acc0f8a48e2a432b54d76e4a732f6d832ed68d59aba000b9408d,4d851e4c3f6c13bbac3011f203194693ca8a6d208b6bf1268689bc060b4ac02c,9f0348f4faa4b0318afc558c533e28078f8dcde859786ec6a99418d8ae48f9a8,turbina@example.com,"16/1768 कुमार मिश्रा, धारवाड-409036",MRN-702727,Hypothyroidism,INS-554234434,faker
Michael Gibson,8af58012617fc967f78efe277355b5516c1cc4c6ad539f62d983f981dcb926a2,47281a5a939ac88e11f99d08c335ae2eba1d4075bf832b1da5049121fad5ea44,0e454b355d8bb1515a9f874e021a80d7e68a3f9c91f728e413da20b47e6bf57d,changjun@example.org,"632 James Valleys Suite 800, Nicoleton, DE 06792",MRN-663772,Peripheral Neuropathy,INS-263939376,faker
आदरवाचक सुलभा लोबो,248109479ad298dbef761274fae65ad1b3d7bf490acae95c9db7e18f5b4cb36b,56061d981c133d8bff084a69725764ef625cc8f541400894baf43c916b4fe5dc,f383ab79fa2fe581ade703821a4b95955d4f2c86d0717f3022c4132395546a26,olivasreina@example.net,"Pasaje Singapur 740 Interior 748, Nueva México, Q. ROO 64743-6713",MRN-579434,Major Depressive Disorder,INS-907308348,faker
Minerva Silvia Quintanilla Ledesma,4d5e0d60f41e93ee19da0cbfca29604cd74729c89e0dcdea9ebec65b15c97348,154faa6b728529e237fb0a843d5f2a555d95b382b460a782477f2088d5883627,12aad92b561d5f6da6ebf70335f6ead4262044ca914e5b860382264defcd7a70,ealxlfawy@example.com,"Nadja-Fritsch-Ring 8-5, 80715 Hildburghausen",MRN-520521,Type 2 Diabetes Mellitus,INS-276777762,faker
Frau Chantal Zorbach,75809087cb6f7045b101cb61018064e9d5ab576d25ca0d0ca421a21061e4c384,39dfe521ef3b4ad78d371a422c7ffe94893990f2272aa51030da3f54dce6f268,9b3bb9ac5116b0975ebbc6c57f1712ba0671543fd4407d9eb3a3ecad57c5ae8c,shrmilaa28@example.net,"Köhlerstraße 6-4, 68457 Lichtenfels",MRN-744883,Peripheral Neuropathy,INS-644459924,faker
المهندس فاضل حميضة,e51c4644aa57cbac9fc039048f137236a719cf8e346fc3e3e3d5a731087c18d5,b0f45596c74d5875e9d1ca8f70305df8b32ab9b2d2751a3a570e9d5b9e7e4a68,fe7c7da7769af4eb52204b8be60b5ad77e1308fe2edc0f1efb8ce8d8e047c51c,williamharrison@example.com,"Cerrada Querétaro 083 Interior 866, Nueva Montenegro, TLAX 17751-7016",MRN-807617,Atrial Fibrillation,INS-606244434,faker
Earl Luna,aaea4efac795dba1408327936dba9b16b79d53643cc0ed7c24e9eb9f797aca87,a6f4dcdc5992176011bea6f7547afac323489ff9bc6d5f1e7b431924ca705c8f,ae62bb1bfa1e0dee8e76e81dac6207bf095e559499833d4688050a1d616ef5ec,izhong@example.com,"Trudi-Kusch-Gasse 1323, 15064 Sangerhausen",MRN-423939,Rheumatoid Arthritis,INS-135824891,faker
Cäcilie Haering-Winkler,b231eaadf695fe378fb59c087d21b2ea97f87627fa2fa9cb3d163e69c0c9bb98,bb10ae3eecc1fbef1fc7ad7514bde07c24148677774d13173d30affcb0d49898,0cad9a6986d8a428503f99ebe1e29af1565ff428c14f868b3bec5a69dba5cc07,williamlane@example.net,"79556 Jason Course, Timothyhaven, DE 60394",MRN-244037,Congestive Heart Failure,INS-467938988,faker
संमानित कौशल्या प्रधान,9664c1519fc708d7ebc805ff950535250ff5ec040206bdb16629fdc25542748d,d3b14543da4839afbdaef03b57fa4338caeb3f20618d81f7b875db901444f389,456ba0e933d739f6cfcd7de4565ca8bc5e2deda5dc7b9c712640e520657d38ce,nsr-aldyn77@example.com,天津市广州市徐汇刘路K座 254812,MRN-532424,Chronic Kidney Disease,INS-777210736,faker
Amy Galvan,1489bfe05ce39ac6f029a17e9820c4f74deb07564aee018d408fc1a85d96c368,bc4c83ee82c4c476628c72a362e8e85e62e799325d11f20400f683ea6689a749,b3b76e917a390ae21697c9bf93b31e72cadae8cf993fabee6ec0eed16f0ceec2,shrmaarghu@example.net,"52/809 रजनीकांत चोपरा, भद्रक-215862",MRN-926236,Gastroesophageal Reflux Disease,INS-300050585,faker
पद्मिनी अहलूवालिया,0d33ce922e1a49dfa9d02771e9a1787c1c5205ba32a243285201e7eada0518b8,309dccae4d871cd40d9240be40c944f833cdd0b031cfeff408f83ba4b3afe3b7,927ad96be6892cbba44779a25d6759f2c8635d96ceaf40793d8aacc7eaa815a7,thomasjulie@example.com,"89 काली नारायण, अमरपुर-833428",MRN-234913,Asthma,INS-522950895,faker
لوجين الفتياني,579553c7cc1ce75bcc4c1a647a7a1afe3c63bc7d265c4450d04003087332f4a0,a399a4e782e35fa8feafa6a1927d89dc36fbed672fda1a5bb0e6198e51e79163,d9cd2b53ed3626f6612dd649d77ab7c42c5481d0c720697d784d014bbbefd130,jhornich@example.org,"Prolongación Chiapas 266 Edif. 201 , Depto. 572, Nueva Panamá, QRO 26301-3674",MRN-971662,Non-alcoholic Fatty Liver Disease,INS-174258554,faker
الدكتور معمّر إياد,38347b12377b103e58dcd88eb8efc9ba3bd202753d9aea23e8dc07be6e6c9640,3fe2597f2404be05ce02de95abea7f5c5cd59dc9fd748b16c9b19dfd1da1b32c,4e92fb6c84c1fea9bfb2ac833b98dbeb3cf4b4a6b06aa81ccc23cb87df7de3e0,kreszentia87@example.net,"0212 Strong Knoll, South Heidi, IA 93822",MRN-284654,Atrial Fibrillation,INS-736212983,faker
Elizabeth Wright,40187140de5038ebdd6d99da25ca2c5a75e0ec0b4bdefc59dfef4c3f2103cb17,17ff91786e13c9ee9089a34436ae81fd3721864371c353663b773db29b3a8dc3,866434c520b20530f6cab0fa8bd6093e607a5e1cec3010a5046a93d3baadf9b7,nayu@example.org,"10475 الدواسر Curve Apt. 267, الدواسرtown, CO 46889",MRN-856321,Congestive Heart Failure,INS-438817025,faker
Jasmin Gnatz,89c60a18f001c049c545b07bdac7c538e25d9ee5545cf4a56be7f2e13b8a670e,079e7d64f0ba57e64abffbb7a3e2140066312b036f5a9b2294afc4417c0f6a73,28c2fdf7fc1eafad7dfd800a6d1e15cc026bddf4b08b93523259676d52f4dcc5,karolinrust@example.org,"8085 Dalton Trail Apt. 718, Stewarttown, AL 88857",MRN-155164,Chronic Kidney Disease,INS-269017588,faker
रावण आहूजाजी,ceae3e11623e5c75b795ea6e235b58159fdf8abbffadc2ab28940bedb6b11fc2,24eb6e36886cfc1688c36267f0da2ceb795b0e4891654229d7597b27daf1fcd6,2888a02ab67379b2da6d40f92e3f1b864c424c3282370c48c2e21757db8ce5f7,srlaa20@example.org,"6/8 चन्दना चोधरी, सभापतिने-101749",MRN-401036,Osteoarthritis,INS-293253475,faker
भारत प्रसादजी,50f6ed24eb72e95be9d076e096e4dc858e97a856b919faa41621ae9ecfb039af,a4cee255c6c96f53944e3ed4e679c8dd6ec86e01b855924178179699d686ba36,cb1408b68b4751cac9c31bd766832c67fa0862641b266898bc25c72c3190bf73,mohauptnotburga@example.com,山西省磊县友好傅街x座 738320,MRN-479353,Peripheral Neuropathy,INS-912224654,faker
शर्मिला गुप्ताजी,559c2e889b3b959045c33d05dc9a72626e9a60e77a49f5da1cc51d15d3a7f77c,9032d82f21666c8d1d66587369686047a04e37d0a7a016021e6aa5074e1bc822,d44664765dfd39a2ea398543a09948e6aa22841f243e41b87f81589f0916086d,clarabermudez@example.com,"Diagonal Distrito Federal 185 Edif. 016 , Depto. 315, San Aldonza de la Montaña, NAY 73586-6296",MRN-882169,Chronic Migraine,INS-455184454,faker
Glenn0 Cormier289 Koss676,89abd395ace93a9c78e2db12deed80c1731d62e4a4ee2a2fa4288ec99fc80dc5,cf01377a5d16c2a96b907ca4b5d23fe588f09ae604220f9be2ceb01265e72a60,c222dbf50fbc45913b8e4a997cda29fa0a6a919e3c495558e01a7688a8d6ebb3,shyaamaa31@example.net,"464 Greenholt Path Apt 98, Somerville, Massachusetts 02145",MRN-CD6115,Risk activity involvement (finding),INS-223075021,synthea
Emile522 Richie600 Bins636,1f5de57006f85f25c93a7f4077f8750246129d5bf20634e7b94438ae8b65278e,839f023c2a2c3ae81b3ad682012f433145a93ecbac7f00c67632f1be2a8b60e1,e501a1ef5663b63e3b51a35466847fea0dc5089cb3fccacc80805fea72ea8af1,sylvia33@example.net,"213 Okuneva Run, Holyoke, Massachusetts 01040",MRN-4A468B,Educated to high school level (finding),INS-648050705,synthea
Gilberto Romo Carrera,5bf148e79be0559c224f3295f33975f2fd1ae5c633a32c0caec872291c332071,54b65367db159dd2b5d988e5da1fa3661b3b7fdd6b19173e5842546c6fcf793a,867207667d7e56d819810bcf8f13e2edab7bd18b53b1460ec9e948490c0c034e,rustetta@example.net,"31869 Kimberly Light Suite 749, Torreston, RI 97505",MRN-163556,Hypothyroidism,INS-881913386,faker
अनिला सैनीजी,759d302723b89c538a0aa5f849c99b1fc7735e41f9a52e62ed5fc77ac007bb8e,1a2a7b53b9e94aa686c2de780a4609d0603db52fc4591040741d8f4d70add0bb,e0b96781a6c02a3bdfc0b4e0af11a7b80772ddafdfcfbadbbf8d71bd771614ac,allendanielle@example.net,"Schenkstr. 8, 24609 Gießen",MRN-636004,Gastroesophageal Reflux Disease,INS-952266893,faker
田亮,1a1515848f7b3c6be0a0d535b8c0c8b2014379704d8f9b70d5de781e4d3f8026,1d0b009d414efb421fc84695d2e7fd063920e9912deb348782e789ab35cb4bfa,2e93efdb02c874c5cb35d15ccfffef0b9552b0414fcf06cabb3bd2b9b4f1dee3,marianoespino@example.net,"Corredor Norte Gallardo 271 Interior 874, San Camilo de la Montaña, JAL 82686-2703",MRN-633030,Chronic Migraine,INS-322104833,faker
Olivia Marroquín Espinal,b13bbe4e1271b12f109bc3c36ce61ca5e6b4dceb0eeb40a1e4f68fe5374da4d7,96ff4d4f4901956b770ffabdfb65e0f2d5479931f59864e2effe96786c2c37c3,0e27050320da04b418b0bc7a173b1bb844d0c9e9e682a4570e4c44d855c79d30,tmenn@example.com,"733 Williams Haven Suite 974, Port Danielberg, FM 35165",MRN-998348,Anemia,INS-508431021,faker
रञ्जित खानजी,292e20a33f85bf3b319631bc31feeb13d12c9f68f5a1573bb189c3d15dd93ea2,ec6dffb18494b70f4d475d9ade1e94531c3702f7d789005a1e64eef910b5a988,40f6b254f5535ba38f2eca1f7c88a664121a3be1e95279e14b805a1e8b21f132,duqiang@example.net,"636 مُنجد Grove, عبد القدّوسmouth, OH 76251",MRN-545790,Asthma,INS-684719405,faker
伍林,4415cdcecd070f3b4c0b0080bf882ec0400978145dc54560301b3f584411a935,980a315cc9e74bad972c493c11cb2da2b9ac299bfdeaad0595d433d762bfddf0,d7427016a73609712ead748041df0cf10053e9b246ab4817fb690cef592d5914,trevinoalexander@example.org,"Hans Jörg-Beier-Weg 4-6, 65419 Coburg",MRN-221552,Hypothyroidism,INS-652543518,faker
Hildegunde Kuhl B.Eng.,25e464f48eb220550637a49b0d339bb7599fb9425b6ecc0ffa94219e8dccefb3,f8784a7c65a9c1eab37dbaa9218b4f64dbe99bb5ca937fc8c7732c007aeae0ae,23c6d7813f25c45c810b56010c8b995d5a299a6be83e015f46078162efd7eab1,milanschuster@example.org,甘肃省成都市沙湾关岭街Z座 115581,MRN-421727,Chronic Low Back Pain,INS-839269574,faker
خالد جار الله,56d315943ac1ec5543c53b85f4996d559e2f83ac6d4bcf818076a11ee7d13874,ebdb89bae19ad00e83c8411f593b6928263b88ac39a4c620ec8f6e32556b7400,a72100ac49a75297c3fd985793ddb56898deecd1acfcf80647355e1c3da1a1eb,alsyfymuxymr@example.org,青海省天津县涪城倪路J座 987392,MRN-281926,Peripheral Neuropathy,INS-264142683,faker
श्रीपति कपूर,931f01cb9f779e4f41d9bd20bc7979d430b1b3bcf6700b053f31072838c0f0a2,c878d1e733bede28d24aad697b37e4bff1019fb410df953af17703e4b09ada0f,979ba80d163dba63a6ec61cea514f83ce932cdb4bf1187e6ee6daffec95d4e47,sde-la-garza@example.com,"9 जय सरीन, मोकामा 071002",MRN-846385,Non-alcoholic Fatty Liver Disease,INS-851854702,faker
Wally311 Turcotte120,194dcafd3a800d7565aeafb916ee4af9151d143bc21ef686d9fcb3949b0174e2,3601555159b27e81a5af1569ee2fabac506259e6db09cf77334875abcd837282,bf09c52e72527399233a709ebe2ae609c372cd72afc3eddef411a41ee49e5965,alemanangel@example.com,"248 Medhurst Gardens Apt 59, Tewksbury, Massachusetts 00000",MRN-AB10DD,Only received primary school education (finding),INS-941672107,synthea
هايل حرب,2d30440a271f4e6bc61a45ef14bb47fda9a0d7d66daffef3c7200dc76bc2d3f1,3a1f1934defbb70b8a5d289a274fa4eaa9b0504c190fb504048e53ab5688a36b,1b04265f836f3fde56d34534eb1ff901bcbe68f89771c51027212871786055e6,junqiu@example.org,"6421 Henry Meadows, Rebeccaberg, MI 87732",MRN-640310,Major Depressive Disorder,INS-193133974,faker
कल्पना सक्सेना,fd739e051cf14d9120426da6984da8d771791b159df24ac74e6550393f6da6a9,9f123596e1676f82811ca08e79120b82aa2dd5cf0a9123390832620f61e454b9,0abc363e29d5197bf0cb5a201feea4616fb8f5fba2478a06adba6f76d71c915e,rschmiedt@example.com,重庆市长春市清浦阜新路B座 456503,MRN-649697,Psoriasis,INS-874364174,faker
Carlos Schmiedecke,1df8e4b182dc00aa6cb67c00c06f421cd8a614daf6668883c6651f30d6a621ef,540ed7c4f9ede0724d7092e2929123efbc7271db152dbf3745f1f8047439e11c,94d100cadeeb1a28c8a2e8a7fb29a80bb8020a9db63340c83d490837e5f4b21e,ymueller@example.org,"58300 Jeremy Wells Suite 421, Gordonport, GA 09058",MRN-751051,COPD,INS-827744047,faker
इला प्रधानजी,d90804973fec6729e2e3a25a8bb5304d29d648bf71ed30bbf8d596ee3ad00d6e,d3c652d465890c2912fe3b40dcdd679c36a4dbc3d10c8a00a991ae85d17a829e,31dd5b18d7521d471b4d73ee86f011c9b5ed2e43ffc93e288ee43a624582219e,gangliang@example.com,"Ampliación Zacatecas 273 Interior 545, San Norma los altos, NAY 83136",MRN-340062,Hyperlipidemia,INS-133729406,faker
Toni Smith,6d1dfebe8e2d33de5f21a500fc801590be767331a2c62962be6d6ac0606188bf,82dc24bb9979b0f5a605cf4971c24425edf384e129924b3472db4f69af05399f,c0384c3c01e8ef45b459409debd6582c87aaaace6a85c7d11ae6466e161817be,iortmann@example.org,"9 राय, चित्तूर-990384",MRN-362147,Type 2 Diabetes Mellitus,INS-788460744,faker
Gretta175 Leighann368 Hodkiewicz467,622e8f9956da802972221ea5e9169aa10d881a22b2c891fa2a9c6d9275a80825,f57c0fc9dd9fb384bf85b6485f074d44c8557cc0cce66d855fb099e0642c0c64,c32d2411b1b77f5ebb5e417db5ffa21b3f7bda343ba3cdf925394a0df66f20a0,nschuster@example.net,"494 Rau Manor, Westborough, Massachusetts 01581",MRN-56ACD5,Medication review due (situation),INS-538781057,synthea
Fatma Benthin-Heintze,fc2ac98c6cadb92a52956bbe5eda3069aa51dbc1ced806d8df2379a3033ab11f,f4eab8bfaa2107c107179fee486b2fd3f03073c7cd1bd42d3b2e388eb7b84c37,fbabcdb4599a337a4a85345f16d6849a7a255dce041485ac60dcd4f525473cd3,rwohlgemut@example.net,"Sophia-Jacob-Weg 6922, 14257 Eckernförde",MRN-599397,Obstructive Sleep Apnea,INS-184777341,faker
Michael Barnett,c4e445fd076d19426afba8e72465236a4e66fc1db56cb74acad96da3a4cc60b8,9716c92913bf0797ba0408579aafc41ead47afbd3e78cbdd1e58fcac4dceaec3,25ef4874014e8f88b7a8a2d942a266b5ec95a1fe7dfe5962f5d4e149cd7cedd7,etaylor@example.org,"Diagonal Sur Guzmán 134 Interior 261, Nueva México, DGO 50184-8197",MRN-321449,Chronic Low Back Pain,INS-123529192,faker
Jimmie93 Muller251 Goodwin327,d56a31123a446d6dd4fbc68640147a64bf428c972a09055cd4dcfc0e57d0fed7,e2dc7149ef49b6ac510fa6897fb1c6abb3230736e3f4e8c83c12a62868bf7c69,847f0403cebb1d8e9ed3d2b3c0fcaa41cf5885dcd6f9f7d451216aeb39b3903f,mariadalton@example.org,"740 Simonis Landing, Weymouth, Massachusetts 02191",MRN-20F1B7,Received higher education (finding),INS-714951911,synthea
Wolfgang Aumann-Stahr,d7ae88adf8c5b5bcded99b3e2268a154bf1441cec0ef688bbb1b8b2587e8c559,94f5175fbd4de6722777a27fb987c38d0e0d90bbfee77d41350fe963dc4514fe,f79a0593adeeefbdd877dcc7257bac1989c2fe8deafa8237d130029fc80cccfc,haolei@example.org,"Prolongación Sur Sáenz 710 094, Nueva Chipre, CHIS 45775",MRN-620248,Rheumatoid Arthritis,INS-648447868,faker
Christine Singh,a3d748aebefbd648cd991bf883bceedee841b4b04dd6a5ec5234c85cbf96d484,9f7c904e39db0c7f9db99a8ba585359ef2379ddb268bcd3868497c7547af141d,535258da32cbd496b309c0127f91085cd3f84d77492443810292f71772b21a71,abhrdvaaj@example.org,"Boulevard Guanajuato 734 654, San Andrés de la Montaña, QRO 70260",MRN-704272,Coronary Artery Disease,INS-625679392,faker
Margarethe Geisel,3d3e42304faf2ebcc9c10dc6161094d5d9e0398a30148705da1b2256909fb249,d2da39be1fa1165023d1e85d9adc3d47ac57d09d5ccab243a241922e8ec92c92,a9da81b33fe5146fc49f0cb7d37a9e4c40a11f48a6e4a3c394a7a6f8315e631c,dora46@example.com,"28914 كمال Square Apt. 284, الموركةhaven, AS 42221",MRN-149161,Generalized Anxiety Disorder,INS-790755362,faker
Benjamín Sevilla,7fe4972c8c6fd746df12d62e35e559fff53e7ad5d5726020692b288022759509,567940e71e899902640fd68dc37f2533ced4f8bf9dd242b9f4e6e13a0fe62fe0,5438ece5837228892393a991ff4fbca84c78ac7e5ed626611b5117d7668976c3,jjones@example.net,"Circuito Norte Vergara 578 243, San Wendolin los bajos, ZAC 95874-1314",MRN-452909,Obstructive Sleep Apnea,INS-446392556,faker
Ilse Natalia Armenta,f09b2117214fc2a64e3213532f9a0865a28ef63ff4391044a922824a03127c97,150d0d29dafa0e3225499b0e490458f43d2aa7b00b741a4226bd201eef021f00,875fa783737f6b30f12cb0d52a0cefa57fb285e54046e90c09f633e1972b36c9,jwan12@example.net,"181 Stephanie Plains Apt. 983, Shawtown, DE 86779",MRN-170559,Asthma,INS-737742679,faker
万桂珍,243b37490db21a1e7685fba09c339dbca15525a3dc9044c6c509c504769bb326,cb27e85bbe1607623de48e3b42e5c81e2b6cee15a2e2d8a35ca546b1673f6f5b,20624db6f7afdcaf23d48278e84c064aa783fa8829c143e499ed5d336ef8437e,zoujie@example.com,"1183 الشهابي Mountains Suite 220, East عبّاسville, ND 97683",MRN-825916,Anemia,INS-610564546,faker
السيد راجح بنو عدي,d015bc51da88f91039a3c2e76dcbbe1f7a8329606aac453e4be9c9c39bfa9855,0153df9c2ea8c7c4b4a0b7fcc2cb6be990ec8fefe9bdc8c9ae8ffdf197f54831,d3454b8040794805fadec94c80cb0a41ccc4a42a4319e2fbfdbe36804328cbea,jonesjohn@example.org,"Privada Zacatecas 682 778, Vieja Andorra, HGO 68538",MRN-857065,Non-alcoholic Fatty Liver Disease,INS-585811477,faker
هدى قحطان,d8964dec69d93b081668c950c40a1a13d90de7c934e7b634332ab7e393cef62f,fc6687744f55d5b42130ec2a233a1ae71522b79a64c464f70fc769267884d726,04ea1f9232be045830b6ba825bab161f88bb283f5f100bec5ff9fcfaead39f4f,maikzirme@example.com,"Jurij-Ebert-Weg 78, 51554 Garmisch-Partenkirchen",MRN-685098,Anemia,INS-838374035,faker
Sr. Clemente Garibay,844331de5d5e1f0aa88b2febc5a8605c782ec6ead6279681d8084c7465383428,0fa1126d2c51aa7f29bb332b4376e4038cfa948dd39fa0c77eb0d4aeef408c4d,f40109c990f66bef3ec0bde6eec3f98b27ac78bf98927dee12f1e8464a813a42,erfhalsyfy@example.org,"Avenida Almaraz 603 Interior 108, Vieja Cabo Verde, MOR 14011",MRN-480133,Chronic Migraine,INS-409883716,faker
Andrey Hahn B.Sc.,725213fb6832142e20bb5cd3a559180e1f0184b7c6b971a3ee65c1e592c3ee73,5bb0a7ab7d0ac1474e2f3464c1d16183f519f10736455dbf5d031e037e5fa0c8,e8b62adf1ad139f131274f734f24e58d7e056bfd926e82ed0827efe9be513d96,yang21@example.org,"7683 White Center, South Matthewport, GA 26532",MRN-266699,COPD,INS-200223044,faker
ريما عسير,670fdf5d7795ee1f79a7a65f289ec8c575daeb8c13e574efcd29039d5eb66c2d,9cb5be2025e6c3dd7e911a630cbd0e7a6728f96bedf09b274cba68b8752a8bc8,0d4baceb68ca66a86ce111eff6093d89d475729b3aefca4f44c11dc1dd22893d,aparker@example.com,"Periférico Chacón 478 Interior 077, San Adán los bajos, NL 08536",MRN-119651,Rheumatoid Arthritis,INS-183604337,faker
روبا بنو أسد,4e41b1e7d350e3d5f000531e198957b04ac90b6fe18e60fa11c5564d4409fd70,b969894708d8115a7ff6571d9e2da76b76f8bc1690a339bd22999f934499f64a,8c58f391634770c97d6e6fb3eb78c9fe28ddbf0997fb346ddbe9060d89f3c8a1,zdippel@example.net,"Johannstraße 9, 20489 Hamburg",MRN-611233,Congestive Heart Failure,INS-480990401,faker
Vicente Lorenzo Ponce Serrato,6ef1c7cf9db957a8964d868d774b0c7932539618b0f1f96151bf44e140005df8,aea4066add488169dfc27576aa9e5935341d9906efdf53bc39c00f52c441bd42,4662838da00200af3beb2cf4b65dba2d248b5ca4b328937b576aeb7d7295dc2b,gorlitzfridolin@example.com,北京市海燕市徐汇陈街P座 330174,MRN-904150,Generalized Anxiety Disorder,INS-280162221,faker
涂杨,facb65191c18f69004c5098ca97ca45cad5f3ab3701b5e2b7d50269855faf7f3,eb015400b7b242cff1757981c41c10f6d4adeb3488bbc93a4c830a1e52992747,438b8184a3b56e73ad509748e98206745c89b9faa27882c4c89af907a7336963,joshuabaker@example.org,"Retorno Yucatán 203 319, Nueva Côte d'Ivoire, YUC 51028",MRN-838726,Hypertension,INS-563129902,faker
लीला लोबोजी,37eba9c9187b02d43796522640060503b2113d86a649fc176b93c9e581a02004,99d8b94ca0bf00ff6f9fcddc454766b2d57a1845d3684430f6777c2368b061c1,2750f026b917c109a6daf97f07e01c85397c0ea493e495b8f95dd179d17c3805,wjia@example.com,湖北省马鞍山市城东永安街Y座 624479,MRN-454278,Obstructive Sleep Apnea,INS-433879270,faker
الأستاذة خاشعة الرباطاب,1632aee829c11d82613a2eeef0467e82e3dd2b42e8b773185fcd8eb13e84fb42,b382d116b752fc03ae7b6bbec83024f04f95903dbfa331404b202390696fa1b0,c01a4833755ed3c14832a479225bc06811fb0ebf293a9e868fdb2ae13bdcde4b,chao34@example.org,"9 सवितृ अगरवाल, सभापतिने 341990",MRN-613234,Chronic Kidney Disease,INS-720005941,faker
卢丹,ce6dd615d588d2e9463102247aa47031b1915a9836fdbe718ff608a9d7bcf601,5817be9c56028822f1b041a5d2d83eaf1563ec6120e0fac074daf8905eae0838,6e740eba16a3ba5a8c6a30c93e97038098340ac4fe650acd957d249d02e85d0c,shannonweiss@example.net,北京市彬市清浦沈路H座 782945,MRN-586490,Anemia,INS-915911873,faker
कृष्ण पटेलजी,f85ec7e591658fdd67b9fe1dddb8e02e7d1c6931ccdefd6ca77fa737f5c0bd91,852ec95a1a9486dffdc78fd0a9c256ffd86e56d9b26f6c66e36a310fe6e5c8a0,c9747ddc216f251074530181f501997e14fc211e16488c98d25acbd025ab3d14,ilsemunoz@example.org,"Circuito Negrón 038 567, San Bernabé de la Montaña, PUE 84498",MRN-499407,Peripheral Neuropathy,INS-669681065,faker
संमानित शशी रंगन,136220b76fb9be28b8075ddc2e755868da5c37082e7750042e0e4d37debb57ea,0452f4694d313f5332dcff7dac7c84e998fc0d843ea61ec1ce80927524c8ddad,32bc0d76d75ba1284d0cbacb8b8d64532d53dda09a2207b7f657ce2ed927a63d,morganmichael@example.org,"Orhan-Bonbach-Straße 28, 89988 Wurzen",MRN-238948,Non-alcoholic Fatty Liver Disease,INS-879977998,faker
दिव्या गावडेजी,a8a00285db53a5aa1bfa61dfa982e548d877c0b0096246958d05c53d01c9e0ff,ec7d0943fb38f382f3250ca5da6a6135b4aa176bad2f7a43cf2550f889045cc2,7ae037cb8a2e13ae9071a002d044ebae25177660fe2f370de0365d00e8e09373,pingzhu@example.com,"Corredor Chávez 240 Edif. 755 , Depto. 366, San Marcela los bajos, PUE 90225",MRN-952657,Non-alcoholic Fatty Liver Disease,INS-823737375,faker
جنى ضبيعة,b3b11c70621ff4c567b8fc44b605bb9191ce446e6219ac4e3ea79e4bb81f5a11,cd3a8923de59b172de3763c1ae03c6fe2a29dce7b06e25666cb5fb480b719e4e,41119f2c9cb868eba6614fa92dbc313efbb8763427ec2fe07696fc364990b320,yang38@example.com,重庆市秀梅县上街合肥街V座 815203,MRN-948611,Chronic Kidney Disease,INS-198761306,faker
देवदान अगरवाल,081439b61757bd255a0c1200f25e5b98c20f442e8a0075b042be1c51d789b2a9,14add79db7685b221502dc4fcc82864d568541eb91eeb0e0760f3d99be44c6da,9ff1033bafa93389e6b5358cddb7ab3a7af44ec3f2fa337ef96f0c1f20f01e9d,olgakade@example.com,"173 Randy Garden, Kimberlyfurt, NH 70447",MRN-572700,Atrial Fibrillation,INS-905817775,faker
杨云,b2bde8f886f9d278f9374ecac457c003c2e1c673e4d092c10786248b1484ccbf,5d729ec860550b2c7ca194840af2ac20adc9f6ee577c5dacb56ac46756c593f6,c6a93bcd43e74e17eaceadcc33c1b0315777cd3562193da21cc94889d210c92a,kweiss@example.org,"Cerrada Sudán del Sur 164 913, Vieja Dominicana, OAX 79889-4256",MRN-893612,Irritable Bowel Syndrome,INS-304630191,faker
朱玉梅,04825fc5702c8d306c54abff860cf5e5fa207ae96f19f20c6ae65c6e43332a59,78fe37fd874624c81d5c854b6358072c28b5118a4cfee12302836f9c5535e12d,b675c0b629f0d987cdffacaa154a4ac3f8286c258a7e876f247c5252488aebc9,normazedillo@example.org,山东省艳县房山刘街b座 861572,MRN-980155,Type 2 Diabetes Mellitus,INS-841520570,faker
Antione404 Landon622 Walsh511,bcf1fb4ce2c7e197e6f838769824b0020edc863e409167fbc9b938b993ac9e53,ff53511bf19717ba76f20210ac305dbef83cb01a2f8f91bfa90eb7d681f7ca60,61c5cac378bcf9aa5bbab0a74c90e9fe93896bd6ed0f6214f234973047640056,jzynynafe@example.org,"766 Jacobson Promenade, Sandisfield, Massachusetts 00000",MRN-C9910C,Medication review due (situation),INS-989862107,synthea
钟畅,92bd6002bfb096fb215d47f4ffbb1f20c6b64324d38195e1c16b4ce4b93bd5dd,9db7e79d9a84492af0cdd36ad1c972b99fdf35644f213043560235798474d7c5,4843b097836175274899737537c6596a4477246ba653c4ab039beb459ce28943,prmod43@example.net,"Etta-Weimer-Weg 40, 71189 Hannoversch Münden",MRN-420214,Asthma,INS-296542559,faker
郭旭,bf7180777bde7479ace6612e53fa6bde7cdcd247741f7f264e3f15c38d60228c,f55424ed31ba84d03e5adf39e1e7acd49e2a707399355dd35327b5cc8d53f875,de54a9b5f362748e9135814b8dcaf11e665caebedb4fc898352447d69083957f,whbpjwan@example.com,"3307 البديري Harbor Suite 117, New عمرو, OR 50682",MRN-117500,Anemia,INS-172512549,faker
郭娜,3393b5604afa678fb97f1e6531420812c99760810b6e401edeb2f160b77714e8,4e4637872f15c9678a15a71cca931dd95ec9c2fe796e6df1ac5ee2b7a3d82787,bd41ba4b16eca3c1fffd9e06ab846dba5bb7d5999802fff1c38c5208b0db90e2,slavko77@example.com,"Heydrichstraße 2, 34151 Nördlingen",MRN-163386,Peripheral Neuropathy,INS-784755860,faker
Noemí Daniela Saavedra Ortega,e7c796fa754e618d6e5918f666c2e89fe5ecfd3b6f1974e70848ee8230e25c78,070ae6991e938075af39e7d889d2f3edbcd3fc0a86cfe50d3a4ca06d046e0ef8,3589f4081c6ae5045b03ceefdb51a78b922211641df0e532a8c9ec408edad877,prsaadsinh@example.com,"Grit-Lehmann-Straße 65/63, 42597 Meiningen",MRN-169113,Major Depressive Disorder,INS-201474984,faker
Cleopatra935 Bruen238 Mills423,0af70b52f1ccd48e74dc0228893a302d569801c20a59427f8da2c5f0c0e5893b,2a8bcfab69edbba75d16a1e7cdbab22cc06fa2d6adc59f66e474182f81d063a0,821b5243801862dbc99bbf771c9dbb1303074c0b676756e7e05efd58e5d49394,seipbaldur@example.net,"863 Predovic Junction, Braintree, Massachusetts 02184",MRN-373BE8,Educated to high school level (finding),INS-966015789,synthea
Neil122 Felton646 Schmidt332,0dea62c5d126abe150d3f81b6eb22db63dc7fd2c48c8b515d1efb3c75f14f816,45e8248a451308eab50980021d368d26b831b9a04459a00623211ac12fcdb08c,e171019cbe58b126e37ef6d5e80de22045f399fe25a87585d1e34313e40fa1fb,atzlerhedi@example.org,"585 Funk Parade, Westwood, Massachusetts 00000",MRN-F4ED7C,Medication review due (situation),INS-963685029,synthea
Billie243 Therese102 Schuppe920,3c91b001792bdfaeeafdcf0c2ce07534760b1b306afff92b3eb97e55b5f4a6de,defed0ed006a4c45215e0f7cbc883179bb58680e455f02b8c833167914110c65,8d6f615b3b4c12d70ff701465c0d81d11a692d99f8a7112a1711ac68906ff84c,pilliibhrt@example.org,"622 Schaden Loaf Suite 72, Stoughton, Massachusetts 00000",MRN-7C6E6A,Chronic sinusitis (disorder),INS-168805869,synthea
لورين قضاعة,5a8916787a729185f81c128ae0f37eb50f28e146daf7787c9a26cb706e345c03,cf1d771cac1ad5f0ce129c4b1da9225cdcac5c48715c621cecbbddee2d02d0e1,45762b6503fa7df9f7a169dc9bb52cbecc7aabbe4b507799a4a8869c2fd7aaeb,senessaa@example.net,"894 فارس Place, South معمّرhaven, MH 62004",MRN-386488,Asthma,INS-958287383,faker
Isidor Barkholz,b2936edda1f7475f8065b59ebbcaaeee2015cae846724bb9216b02fb0612ecd8,ca01d1211fb9f9d140604aadb39b9ad1eae752857ad47d83677fcd4d00d13055,8578313f173e18bd9efc022b9f5a8bf6dc6c09267690c17ea30545781cd4744e,haeringheidemarie@example.com,"Hans Peter-Huhn-Gasse 199, 55799 Ebern",MRN-359822,COPD,INS-792156071,faker
المهندسة أريج أنمار,20795844a6c48300943ee4b69955c9d3a94bd5aa2aa1520b502bb9f041f9f567,7c9e0057dbf636b608c974e1ad6b5eb2a071e8e876772e83869f458c303da064,690327b8e3fde0cf143839c56a55159ce3e7460e3d41fb4f3d4549b503ace1d1,lynnmar@example.org,湖北省淑珍县静安佛山路L座 508589,MRN-265649,Hyperlipidemia,INS-574303740,faker
उषा बुरुाह,ca7cbec445a91f362b275271935bbad56ca87f1a3be4c4274a4bb997d2cd145e,410528d7a3e9172bb35447288d916ee54a09e7c4d62a7f40e06dff5f02bf839e,a74cb79f1ec5bd727feaf5ea0601b51e657304ac025c1b28f672e995c890cf96,josefina84@example.org,"7 गुप्ता, चंडीगढ 727955",MRN-189870,Fibromyalgia,INS-469143184,faker
अनिश मंडलजी,cd827bd95df70aa01baa67eaa4c6dba3ba38c64a49ee4a5a1ad27535c11e1dbc,5f898527b7a23a90c18950c38443468355f60ea98eddc24f7f118443b227de14,02ffe24a27335b1c8422bae7a29cece7dd2ce39cdb11230f78da7932c0676593,decheverria@example.com,"Junkenring 5-7, 17080 Gardelegen",MRN-377932,Irritable Bowel Syndrome,INS-751325257,faker
朱瑞,f9a7d08f63bbcd9baf049f60feed02be3edf2f9a247241807c59b3cf44dfd33d,cb3046bfa75f23d9742676908d569191495ac4a99315857d4c52912aaaf3e483,d6661439299f8d32ed02ce52cb1083951553bf4ac6c2c64574d8ace017543138,jcai@example.net,"Continuación Aguascalientes 727 516, San Lilia los altos, AGS 27910-3368",MRN-154302,Hypothyroidism,INS-771737478,faker
الآنسة بهجة بنو سعد بن ليث بن بكر,7e4c6486e41a6628109fe66a906dcfd8dad7c5b737e6d05aeeca6d0cef572c47,7ca6829c7e4c8f2315aa0901a44bdae91ab4240984b16e2298ee19c1f7079d9e,6bbe5ad96f23440c73854148bd1d9b81684f6f8cb13497925e5b6641df2bbccf,thaddaeus38@example.org,"46 जोशी, मोकोकचुंग-293417",MRN-181896,Anemia,INS-220483278,faker
Marianna323 Inocencia535 Becker968,426ed2c2cd2b71103ca256fbdb9877831d59c2af4388d6feccc98a5ddc83e8c1,2a5f3ed6dfe3100eae4277678d36356ca3b457b1e28e15e57f83c02b1ee64e03,3a0fd5997795445df4de15d2b3ffd849e5d16ffdbbba9d52ddec48186e9cd7e4,salelmy@example.org,"413 Lang Way, Brockton, Massachusetts 02301",MRN-5E0AB1,Risk activity involvement (finding),INS-769168506,synthea
Sherrie396 Steuber698 Kertzmann286,a57a9fb999935093be15eae0dcd8b3f4d76d1a1a5ae38623fb4c294039a05de2,018174ae3c9b1d8605cebb724d710d68e0258e6406fc3d340f91d5fc78142093,407c9eade3783d822814ad93cdd65842811c7b98131b5a0c3dac320be6f91ecd,xiayu@example.org,"990 Ritchie Gateway Unit 80, Seekonk, Massachusetts 00000",MRN-A046E0,Educated to high school level (finding),INS-987462850,synthea
Maximiliano Escobar Jaramillo,24a80d6bf7a9df7ae9dc9fdffd1519add24b1c50c93d702b0a04c322184c4ee6,49b432272987f6737b4c4c7d77e2de5517e30a63a5cb7626d5f35cf8f2521aa2,32b69b2bf4bea4f188cac4ec3c9e498061d1f15f7f426dbd187d19e4dccf356a,qtnwx@example.org,"32/686 भटनागर, करना 106634",MRN-225245,Hypertension,INS-860102491,faker
Conchita Perla Leal,c0065d9c49383f101cb66673a86c71c870c48f1c2d34b712724582694f55c166,5320f4c6cf75e475c83cc5fac9abcea0963397cf1372fb8c02f73636eb9d5874,3cdec8e7738f731e5ac380023567a26bf82d482be418a309c0a98dda1ebf2043,rmaalik@example.org,"10094 خلوصي Place, West طائعfurt, MO 51997",MRN-921021,Chronic Low Back Pain,INS-378364310,faker
Jack Fuentes,b1d14892ed4ad4c75ebb9ad0eb717b9b940a0d9f377bc4eda2cf543267f505b8,009dfe61f3e8493d194ac59b6e4ec1e043bb7cf27e14dcf0f2529aaa307fa3c7,0b589784a56b2a31e0b91e578cb27b04110e9b0831cc4cf2dcf61fd76ee10b7a,xwilmsen@example.org,"Periférico Guanajuato 456 532, San Mauro de la Montaña, TAMPS 67850-7208",MRN-805448,Obstructive Sleep Apnea,INS-876616079,faker
Heather Atkinson,f72aac64397408c698d178829196a6ebd6b085fc2e556fd0d766a2467309ff37,6fc2eddf0c2eb300b68440aa517d2e30388392b81d84bbf1fce65a296551d2b2,14b106fcbac1ac4095fdabf70226903ba5d3b15bb8033b773288c91db1d58c03,martinarohleder@example.com,"Calle Carvajal 260 Edif. 650 , Depto. 191, San Noemí de la Montaña, BC 52131",MRN-944565,Type 2 Diabetes Mellitus,INS-712112671,faker
Mercedes Dalia Collado,11382d6db2792f4129daefbad88e55ae3e4343fd3b81f4dec3d586cdb5e5c18c,be54ecb7bdd69a3766d2826d9e5adfd5a58becf15c640646b613cb6443851b5f,69927967b17bb509513c84a79c6515ead3d46d7176b4234484167578d0b6d209,jessicagomez@example.net,"Periférico Côte d'Ivoire 212 Interior 932, San Lorenzo los bajos, CAMP 46867-7524",MRN-613989,Generalized Anxiety Disorder,INS-905430477,faker
Ing. Indira Arriaga,e779f509ba945a8cef050e31a52f2ece94765bc0fa368fa9bee8688a5c9fe6e5,70aac2053ff4f30964030afc3a2ddffa62e8e4bdc6fc360bb7645037a8fb3b80,efaa85d2bdb4722f06318db0b9173ced881cfcc2c45acfb2fdc6a73694973262,habw-alhaj@example.org,"Gutknechtweg 542, 54152 Lemgo",MRN-273982,Obstructive Sleep Apnea,INS-738923667,faker
葛波,0f9ba8a9b4234a98279e7275b81aa8d85caea29b3f8b02eaa866248e9f34a710,32e8da91af1d1cf1e20a226b6f946c6b68556b22a5865f37628ce98f9b8e246f,58c82cbf764b0c9bd21ebd8fef7fed1c77f4c6dd40a55dac4654f5ae8d1ba94d,sonl62@example.org,"1597 بشرى Ramp Suite 254, New عبد الغفور, NC 03573",MRN-647341,Generalized Anxiety Disorder,INS-853869899,faker
